Weekday,TimestampDetected,Brand,StoreAddress,InventoryQty
Monday,2025-06-16 16:10:22,EAGLE RARE 10Y,"200 New Rand Road, Garner, NC 27529",6
Tuesday,2025-07-22 16:10:22,EAGLE RARE 10Y,"1222 New Bern Ave., Raleigh, NC 27401",3
Wednesday,2025-07-23 16:10:22,E.H. TAYLOR JR. SMALL BATCH,"6809 Davis Circle, Raleigh, NC 27612",6
Wednesday,2025-07-23 16:10:22,E.H. TAYLOR JR. SMALL BATCH,"1793 West Williams St., Apex, NC 27502",6
Wednesday,2025-07-23 16:10:22,E.H. TAYLOR JR. SMALL BATCH,"4009 Davis Dr., Morrisville, NC 27560",6
Wednesday,2025-07-23 16:10:22,E.H. TAYLOR JR. SMALL BATCH,"11360 Capital Blvd., Wake Forest, NC 27587",6
Wednesday,2025-07-23 16:10:22,E.H. TAYLOR JR. SMALL BATCH,"7911 ACC Blvd., Raleigh, NC 27617",6
Thursday,2025-07-24 16:10:22,E.H. TAYLOR JR. SMALL BATCH,"1420 N Ardendell Dr., Zebulon, NC 27597",6
Friday,2025-07-25 16:10:22,EAGLE RARE 10Y,"1415 E. Williams St., Apex, NC 27617",3
Friday,2025-07-25 16:10:22,EAGLE RARE 10Y,"6494 Tryon Rd., Cary, NC 27511",3
Wednesday,2025-08-06 16:10:22,E.H. TAYLOR JR. SMALL BATCH,"4009 Davis Dr., Morrisville, NC 27560",2
Tuesday,2025-08-12 14:33:36,WELLER FULL PROOF,"7911 ACC Blvd., Raleigh, NC 27617",6
Tuesday,2025-08-12 14:33:36,W.L. WELLER 12Y,"7911 ACC Blvd., Raleigh, NC 27617",12
Tuesday,2025-08-12 14:33:36,E.H. TAYLOR JR. SMALL BATCH,"7911 ACC Blvd., Raleigh, NC 27617",6
Tuesday,2025-08-12 14:33:36,BLANTON'S BOURBON,"1601-61 Cross Link Rd., Raleigh, NC 27610",6
Tuesday,2025-08-12 14:33:36,BLANTON'S BOURBON,"7911 ACC Blvd., Raleigh, NC 27617",6
Tuesday,2025-08-12 14:33:36,EAGLE RARE 10Y,"1601-61 Cross Link Rd., Raleigh, NC 27610",24
Tuesday,2025-08-12 14:33:36,EAGLE RARE 10Y,"7911 ACC Blvd., Raleigh, NC 27617",23
Wednesday,2025-08-13 19:22:28,WELLER FULL PROOF,"665 Cary Towne Blvd., Cary, NC 27511",5
Wednesday,2025-08-13 19:22:28,WELLER FULL PROOF,"100 Village Walk Dr., Holly Springs, NC 27540",6
Wednesday,2025-08-13 19:22:28,WELLER FULL PROOF,"4009 Davis Dr., Morrisville, NC 27560",6
Wednesday,2025-08-13 19:22:28,WELLER FULL PROOF,"420 Woodburn Rd., Raleigh, NC 27605",6
Wednesday,2025-08-13 19:22:28,WELLER FULL PROOF,"4215 The Circle at North Hills Rd, Raleigh, NC 27609",6
Wednesday,2025-08-13 19:22:28,W.L. WELLER 12Y,"665 Cary Towne Blvd., Cary, NC 27511",11
Wednesday,2025-08-13 19:22:28,W.L. WELLER 12Y,"100 Village Walk Dr., Holly Springs, NC 27540",12
Wednesday,2025-08-13 19:22:28,W.L. WELLER 12Y,"4009 Davis Dr., Morrisville, NC 27560",12
Wednesday,2025-08-13 19:22:28,W.L. WELLER 12Y,"420 Woodburn Rd., Raleigh, NC 27605",12
Wednesday,2025-08-13 19:22:28,W.L. WELLER 12Y,"4215 The Circle at North Hills Rd, Raleigh, NC 27609",12
Wednesday,2025-08-13 19:22:28,E.H. TAYLOR JR. SMALL BATCH,"665 Cary Towne Blvd., Cary, NC 27511",6
Wednesday,2025-08-13 19:22:28,E.H. TAYLOR JR. SMALL BATCH,"100 Village Walk Dr., Holly Springs, NC 27540",6
Wednesday,2025-08-13 19:22:28,E.H. TAYLOR JR. SMALL BATCH,"4009 Davis Dr., Morrisville, NC 27560",6
Wednesday,2025-08-13 19:22:28,E.H. TAYLOR JR. SMALL BATCH,"420 Woodburn Rd., Raleigh, NC 27605",6
Wednesday,2025-08-13 19:22:28,E.H. TAYLOR JR. SMALL BATCH,"4215 The Circle at North Hills Rd, Raleigh, NC 27609",6
Wednesday,2025-08-13 19:22:28,BLANTON'S BOURBON,"665 Cary Towne Blvd., Cary, NC 27511",5
Wednesday,2025-08-13 19:22:28,BLANTON'S BOURBON,"100 Village Walk Dr., Holly Springs, NC 27540",3
Wednesday,2025-08-13 19:22:28,BLANTON'S BOURBON,"4009 Davis Dr., Morrisville, NC 27560",6
Wednesday,2025-08-13 19:22:28,BLANTON'S BOURBON,"2109-106 Avent Ferry Rd., Raleigh, NC 27606",6
Wednesday,2025-08-13 19:22:28,BLANTON'S BOURBON,"420 Woodburn Rd., Raleigh, NC 27605",6
Wednesday,2025-08-13 19:22:28,BLANTON'S BOURBON,"4215 The Circle at North Hills Rd, Raleigh, NC 27609",6
Wednesday,2025-08-13 19:22:28,EAGLE RARE 10Y,"665 Cary Towne Blvd., Cary, NC 27511",24
Wednesday,2025-08-13 19:22:28,EAGLE RARE 10Y,"100 Village Walk Dr., Holly Springs, NC 27540",22
Wednesday,2025-08-13 19:22:28,EAGLE RARE 10Y,"4009 Davis Dr., Morrisville, NC 27560",23
Wednesday,2025-08-13 19:22:28,EAGLE RARE 10Y,"2109-106 Avent Ferry Rd., Raleigh, NC 27606",24
Wednesday,2025-08-13 19:22:28,EAGLE RARE 10Y,"420 Woodburn Rd., Raleigh, NC 27605",24
Wednesday,2025-08-13 19:22:28,EAGLE RARE 10Y,"4215 The Circle at North Hills Rd, Raleigh, NC 27609",24
Thursday,2025-08-14 19:22:28,EAGLE RARE 10Y,"2645 Appliance Ct., Raleigh, NC 27604",4
Thursday,2025-08-14 19:22:28,EAGLE RARE 10Y,"6301 Town Center Dr., Raleigh, NC 27614",4
Friday,2025-08-15 09:45:29,EAGLE RARE 10Y,"1505 Banyon Pl., Wendell, NC 27571",24
Tuesday,2025-08-19 13:31:08,BLANTON'S BOURBON,"1222 New Bern Ave., Raleigh, NC 27401",6
Tuesday,2025-08-19 13:31:08,EAGLE RARE 10Y,"1222 New Bern Ave., Raleigh, NC 27401",24
Tuesday,2025-08-19 13:31:08,BUFFALO TRACE BOURBON WHISKEY,"1222 New Bern Ave., Raleigh, NC 27401",36
Friday,2025-08-22 14:34:18,WELLER FULL PROOF,"6494 Tryon Rd., Cary, NC 27511",6
Friday,2025-08-22 14:34:18,E.H. TAYLOR JR. SMALL BATCH,"6494 Tryon Rd., Cary, NC 27511",6
Friday,2025-08-22 14:34:18,BLANTON'S BOURBON,"6494 Tryon Rd., Cary, NC 27511",6
Friday,2025-08-22 14:34:18,EAGLE RARE 10Y,"6494 Tryon Rd., Cary, NC 27511",24
Friday,2025-08-22 14:34:18,BUFFALO TRACE BOURBON WHISKEY,"6494 Tryon Rd., Cary, NC 27511",36
Monday,2025-08-25 12:53:41,WELLER FULL PROOF,"200 New Rand Road, Garner, NC 27529",6
Monday,2025-08-25 12:53:41,W.L. WELLER 12Y,"200 New Rand Road, Garner, NC 27529",12
Monday,2025-08-25 12:53:41,E.H. TAYLOR JR. SMALL BATCH,"200 New Rand Road, Garner, NC 27529",6
Monday,2025-08-25 12:53:41,BLANTON'S BOURBON,"200 New Rand Road, Garner, NC 27529",6
Monday,2025-08-25 12:53:41,BLANTON'S BOURBON,"1415 E. Williams St., Apex, NC 27617",6
Monday,2025-08-25 12:53:41,EAGLE RARE 10Y,"200 New Rand Road, Garner, NC 27529",24
Monday,2025-08-25 12:53:41,EAGLE RARE 10Y,"1415 E. Williams St., Apex, NC 27617",24
Monday,2025-08-25 12:53:41,BUFFALO TRACE BOURBON WHISKEY,"200 New Rand Road, Garner, NC 27529",36
Monday,2025-08-25 12:53:41,BUFFALO TRACE BOURBON WHISKEY,"1415 E. Williams St., Apex, NC 27617",36
Thursday,2025-08-28 09:30:50,WELLER FULL PROOF,"7200 Sandy Fork Rd., Raleigh, NC 27609",4
Thursday,2025-08-28 09:30:50,WELLER FULL PROOF,"7336 Creedmoor Rd., Raleigh, NC 27613",6
Thursday,2025-08-28 09:30:50,W.L. WELLER 12Y,"7200 Sandy Fork Rd., Raleigh, NC 27609",12
Thursday,2025-08-28 09:30:50,W.L. WELLER 12Y,"7336 Creedmoor Rd., Raleigh, NC 27613",12
Thursday,2025-08-28 09:30:50,E.H. TAYLOR JR. SMALL BATCH,"7200 Sandy Fork Rd., Raleigh, NC 27609",6
Thursday,2025-08-28 09:30:50,E.H. TAYLOR JR. SMALL BATCH,"7336 Creedmoor Rd., Raleigh, NC 27613",6
Thursday,2025-08-28 09:30:50,BLANTON'S BOURBON,"7200 Sandy Fork Rd., Raleigh, NC 27609",4
Thursday,2025-08-28 09:30:50,BLANTON'S BOURBON,"7336 Creedmoor Rd., Raleigh, NC 27613",6
Thursday,2025-08-28 09:30:50,EAGLE RARE 10Y,"7200 Sandy Fork Rd., Raleigh, NC 27609",22
Thursday,2025-08-28 09:30:50,EAGLE RARE 10Y,"7336 Creedmoor Rd., Raleigh, NC 27613",24
Thursday,2025-08-28 09:30:50,BUFFALO TRACE BOURBON WHISKEY,"7200 Sandy Fork Rd., Raleigh, NC 27609",48
Thursday,2025-08-28 09:30:50,BUFFALO TRACE BOURBON WHISKEY,"7336 Creedmoor Rd., Raleigh, NC 27613",48
Thursday,2025-08-28 15:38:32,WELLER FULL PROOF,"6809 Davis Circle, Raleigh, NC 27612",6
Thursday,2025-08-28 15:38:32,W.L. WELLER 12Y,"3320 Olympia Dr., Raleigh, NC 27603",12
Thursday,2025-08-28 15:38:32,W.L. WELLER 12Y,"6809 Davis Circle, Raleigh, NC 27612",12
Thursday,2025-08-28 15:38:32,E.H. TAYLOR JR. SMALL BATCH,"6809 Davis Circle, Raleigh, NC 27612",6
Thursday,2025-08-28 15:38:32,BLANTON'S BOURBON,"3320 Olympia Dr., Raleigh, NC 27603",6
Thursday,2025-08-28 15:38:32,BLANTON'S BOURBON,"4501 Vineyard Pine Ln., Rolesville, NC 27571",6
Thursday,2025-08-28 15:38:32,BLANTON'S BOURBON,"6809 Davis Circle, Raleigh, NC 27612",6
Thursday,2025-08-28 15:38:32,EAGLE RARE 10Y,"3320 Olympia Dr., Raleigh, NC 27603",24
Thursday,2025-08-28 15:38:32,EAGLE RARE 10Y,"4501 Vineyard Pine Ln., Rolesville, NC 27571",24
Thursday,2025-08-28 15:38:32,EAGLE RARE 10Y,"6809 Davis Circle, Raleigh, NC 27612",24
Thursday,2025-08-28 15:38:32,BUFFALO TRACE BOURBON WHISKEY,"3320 Olympia Dr., Raleigh, NC 27603",36
Thursday,2025-08-28 15:38:32,BUFFALO TRACE BOURBON WHISKEY,"4501 Vineyard Pine Ln., Rolesville, NC 27571",36
Thursday,2025-08-28 15:38:32,BUFFALO TRACE BOURBON WHISKEY,"6809 Davis Circle, Raleigh, NC 27612",48
Wednesday,2025-09-03 09:31:39,EAGLE RARE 10Y,"1793 West Williams St., Apex, NC 27502",5
Friday,2025-09-05 16:46:25,W.L. WELLER 12Y,"3615 SW Cary Parkway , Cary, NC 27513",12
Friday,2025-09-05 16:46:25,BLANTON'S BOURBON,"3615 SW Cary Parkway , Cary, NC 27513",6
Friday,2025-09-05 16:46:25,EAGLE RARE 10Y,"3615 SW Cary Parkway , Cary, NC 27513",24
Friday,2025-09-05 16:46:25,BUFFALO TRACE BOURBON WHISKEY,"3615 SW Cary Parkway , Cary, NC 27513",36
Tuesday,2025-09-09 15:45:32,BLANTON'S BOURBON,"1601-61 Cross Link Rd., Raleigh, NC 27610",6
Tuesday,2025-09-09 15:45:32,EAGLE RARE 10Y,"1601-61 Cross Link Rd., Raleigh, NC 27610",24
Tuesday,2025-09-09 15:45:32,BUFFALO TRACE BOURBON WHISKEY,"1601-61 Cross Link Rd., Raleigh, NC 27610",36
Tuesday,2025-09-09 16:46:47,SHENK'S SOUR MASH WHISKEY,"1601-61 Cross Link Rd., Raleigh, NC 27610",3
Thursday,2025-09-11 09:27:13,SHENK'S SOUR MASH WHISKEY,"1940 Cinema Dr., Fuquay Varina, NC 27526",3
Wednesday,2025-09-10 09:27:13,SHENK'S SOUR MASH WHISKEY,"100 Village Walk Dr., Holly Springs, NC 27540",3
Thursday,2025-09-11 09:27:13,SHENK'S SOUR MASH WHISKEY,"2109-106 Avent Ferry Rd., Raleigh, NC 27606",3
Thursday,2025-09-11 09:27:13,SHENK'S SOUR MASH WHISKEY,"209 S Salisbury St, Raleigh, NC 27601",3
Thursday,2025-09-11 09:27:13,WELLER MILLENNIUM,"209 S Salisbury St, Raleigh, NC 27601",5
Thursday,2025-09-11 09:27:13,WELLER SPECIAL RESERVE (BTB),"209 S Salisbury St, Raleigh, NC 27601",120
Thursday,2025-09-11 09:27:13,WELLER FULL PROOF,"209 S Salisbury St, Raleigh, NC 27601",6
Thursday,2025-09-11 09:27:13,W.L. WELLER 12Y,"209 S Salisbury St, Raleigh, NC 27601",12
Thursday,2025-09-11 09:27:13,E.H. TAYLOR JR. SMALL BATCH,"1940 Cinema Dr., Fuquay Varina, NC 27526",6
Thursday,2025-09-11 09:27:13,E.H. TAYLOR JR. SMALL BATCH,"209 S Salisbury St, Raleigh, NC 27601",6
Thursday,2025-09-11 09:27:13,E.H. TAYLOR JR. BARREL PROOF,"209 S Salisbury St, Raleigh, NC 27601",6
Thursday,2025-09-11 09:27:13,BLANTON'S BOURBON,"1940 Cinema Dr., Fuquay Varina, NC 27526",6
Wednesday,2025-09-10 09:27:13,BLANTON'S BOURBON,"100 Village Walk Dr., Holly Springs, NC 27540",4
Thursday,2025-09-11 09:27:13,BLANTON'S BOURBON,"2109-106 Avent Ferry Rd., Raleigh, NC 27606",6
Thursday,2025-09-11 09:27:13,BLANTON'S BOURBON,"209 S Salisbury St, Raleigh, NC 27601",18
Thursday,2025-09-11 09:27:13,STAGG BOURBON,"209 S Salisbury St, Raleigh, NC 27601",6
Thursday,2025-09-11 09:27:13,EAGLE RARE 10Y,"1940 Cinema Dr., Fuquay Varina, NC 27526",21
Wednesday,2025-09-10 09:27:13,EAGLE RARE 10Y,"100 Village Walk Dr., Holly Springs, NC 27540",22
Thursday,2025-09-11 09:27:13,EAGLE RARE 10Y,"2109-106 Avent Ferry Rd., Raleigh, NC 27606",24
Thursday,2025-09-11 09:27:13,EAGLE RARE 10Y,"209 S Salisbury St, Raleigh, NC 27601",36
Thursday,2025-09-11 09:27:13,BUFFALO TRACE BOURBON WHISKEY,"1940 Cinema Dr., Fuquay Varina, NC 27526",48
Wednesday,2025-09-10 09:27:13,BUFFALO TRACE BOURBON WHISKEY,"100 Village Walk Dr., Holly Springs, NC 27540",36
Thursday,2025-09-11 09:27:13,BUFFALO TRACE BOURBON WHISKEY,"2109-106 Avent Ferry Rd., Raleigh, NC 27606",36
Thursday,2025-09-11 19:26:36,SHENK'S SOUR MASH WHISKEY,"2645 Appliance Ct., Raleigh, NC 27604",3
Thursday,2025-09-11 19:26:36,SHENK'S SOUR MASH WHISKEY,"1793 West Williams St., Apex, NC 27502",3
Thursday,2025-09-11 19:26:36,SHENK'S SOUR MASH WHISKEY,"6301 Town Center Dr., Raleigh, NC 27614",3
Thursday,2025-09-11 19:26:36,SHENK'S SOUR MASH WHISKEY,"704 Money Ct., Knightdale, NC 27545",3
Thursday,2025-09-11 19:26:36,SHENK'S SOUR MASH WHISKEY,"420 Woodburn Rd., Raleigh, NC 27605",3
Thursday,2025-09-11 19:26:36,SHENK'S SOUR MASH WHISKEY,"4215 The Circle at North Hills Rd, Raleigh, NC 27609",3
Thursday,2025-09-11 19:26:36,E.H. TAYLOR JR. SMALL BATCH,"1793 West Williams St., Apex, NC 27502",5
Thursday,2025-09-11 19:26:36,E.H. TAYLOR JR. SMALL BATCH,"420 Woodburn Rd., Raleigh, NC 27605",6
Thursday,2025-09-11 19:26:36,E.H. TAYLOR JR. SMALL BATCH,"4215 The Circle at North Hills Rd, Raleigh, NC 27609",6
Thursday,2025-09-11 19:26:36,BLANTON'S BOURBON,"2645 Appliance Ct., Raleigh, NC 27604",6
Thursday,2025-09-11 19:26:36,BLANTON'S BOURBON,"1793 West Williams St., Apex, NC 27502",4
Thursday,2025-09-11 19:26:36,BLANTON'S BOURBON,"6301 Town Center Dr., Raleigh, NC 27614",6
Thursday,2025-09-11 19:26:36,BLANTON'S BOURBON,"704 Money Ct., Knightdale, NC 27545",6
Thursday,2025-09-11 19:26:36,BLANTON'S BOURBON,"420 Woodburn Rd., Raleigh, NC 27605",6
Thursday,2025-09-11 19:26:36,BLANTON'S BOURBON,"4215 The Circle at North Hills Rd, Raleigh, NC 27609",6
Thursday,2025-09-11 19:26:36,EAGLE RARE 10Y,"2645 Appliance Ct., Raleigh, NC 27604",24
Thursday,2025-09-11 19:26:36,EAGLE RARE 10Y,"1793 West Williams St., Apex, NC 27502",20
Thursday,2025-09-11 19:26:36,EAGLE RARE 10Y,"6301 Town Center Dr., Raleigh, NC 27614",24
Thursday,2025-09-11 19:26:36,EAGLE RARE 10Y,"704 Money Ct., Knightdale, NC 27545",24
Thursday,2025-09-11 19:26:36,EAGLE RARE 10Y,"420 Woodburn Rd., Raleigh, NC 27605",24
Thursday,2025-09-11 19:26:36,EAGLE RARE 10Y,"4215 The Circle at North Hills Rd, Raleigh, NC 27609",24
Thursday,2025-09-11 19:26:36,BUFFALO TRACE BOURBON WHISKEY,"2645 Appliance Ct., Raleigh, NC 27604",36
Thursday,2025-09-11 19:26:36,BUFFALO TRACE BOURBON WHISKEY,"1793 West Williams St., Apex, NC 27502",48
Thursday,2025-09-11 19:26:36,BUFFALO TRACE BOURBON WHISKEY,"6301 Town Center Dr., Raleigh, NC 27614",36
Thursday,2025-09-11 19:26:36,BUFFALO TRACE BOURBON WHISKEY,"704 Money Ct., Knightdale, NC 27545",36
Thursday,2025-09-11 19:26:36,BUFFALO TRACE BOURBON WHISKEY,"420 Woodburn Rd., Raleigh, NC 27605",48
Thursday,2025-09-11 19:26:36,BUFFALO TRACE BOURBON WHISKEY,"4215 The Circle at North Hills Rd, Raleigh, NC 27609",36
Friday,2025-09-12 20:35:55,SHENK'S SOUR MASH WHISKEY,"3320 Olympia Dr., Raleigh, NC 27603",2
Friday,2025-09-12 20:35:55,SHENK'S SOUR MASH WHISKEY,"1420 N Ardendell Dr., Zebulon, NC 27597",3
Friday,2025-09-12 20:35:55,SHENK'S SOUR MASH WHISKEY,"6809 Davis Circle, Raleigh, NC 27612",3
Friday,2025-09-12 20:35:55,E.H. TAYLOR JR. SMALL BATCH,"6809 Davis Circle, Raleigh, NC 27612",6
Friday,2025-09-12 20:35:55,BLANTON'S BOURBON,"3320 Olympia Dr., Raleigh, NC 27603",4
Friday,2025-09-12 20:35:55,BLANTON'S BOURBON,"1420 N Ardendell Dr., Zebulon, NC 27597",6
Friday,2025-09-12 20:35:55,BLANTON'S BOURBON,"6809 Davis Circle, Raleigh, NC 27612",6
Friday,2025-09-12 20:35:55,EAGLE RARE 10Y,"3320 Olympia Dr., Raleigh, NC 27603",20
Friday,2025-09-12 20:35:55,EAGLE RARE 10Y,"1420 N Ardendell Dr., Zebulon, NC 27597",24
Friday,2025-09-12 20:35:55,EAGLE RARE 10Y,"6809 Davis Circle, Raleigh, NC 27612",24
Friday,2025-09-12 20:35:55,BUFFALO TRACE BOURBON WHISKEY,"3320 Olympia Dr., Raleigh, NC 27603",36
Friday,2025-09-12 20:35:55,BUFFALO TRACE BOURBON WHISKEY,"1420 N Ardendell Dr., Zebulon, NC 27597",36
Friday,2025-09-12 20:35:55,BUFFALO TRACE BOURBON WHISKEY,"6809 Davis Circle, Raleigh, NC 27612",48
Tuesday,2025-09-16 14:06:50,SHENK'S SOUR MASH WHISKEY,"7911 ACC Blvd., Raleigh, NC 27617",3
Tuesday,2025-09-16 14:06:50,SHENK'S SOUR MASH WHISKEY,"1222 New Bern Ave., Raleigh, NC 27401",3
Tuesday,2025-09-16 14:06:50,BLANTON'S BOURBON,"7911 ACC Blvd., Raleigh, NC 27617",6
Tuesday,2025-09-16 14:06:50,BLANTON'S BOURBON,"1222 New Bern Ave., Raleigh, NC 27401",6
Tuesday,2025-09-16 14:06:50,EAGLE RARE 10Y,"7911 ACC Blvd., Raleigh, NC 27617",24
Tuesday,2025-09-16 14:06:50,EAGLE RARE 10Y,"1222 New Bern Ave., Raleigh, NC 27401",24
Tuesday,2025-09-16 14:06:50,BUFFALO TRACE BOURBON WHISKEY,"7911 ACC Blvd., Raleigh, NC 27617",36
Tuesday,2025-09-16 14:06:50,BUFFALO TRACE BOURBON WHISKEY,"1222 New Bern Ave., Raleigh, NC 27401",36
Thursday,2025-09-18 09:30:41,SHENK'S SOUR MASH WHISKEY,"11360 Capital Blvd., Wake Forest, NC 27587",3
Thursday,2025-09-18 09:30:41,SHENK'S SOUR MASH WHISKEY,"665 Cary Towne Blvd., Cary, NC 27511",3
Thursday,2025-09-18 09:30:41,SHENK'S SOUR MASH WHISKEY,"200 New Rand Road, Garner, NC 27529",3
Thursday,2025-09-18 09:30:41,SHENK'S SOUR MASH WHISKEY,"3615 SW Cary Parkway , Cary, NC 27513",3
Thursday,2025-09-18 09:30:41,E.H. TAYLOR JR. SMALL BATCH,"11360 Capital Blvd., Wake Forest, NC 27587",6
Thursday,2025-09-18 09:30:41,E.H. TAYLOR JR. SMALL BATCH,"200 New Rand Road, Garner, NC 27529",6
Thursday,2025-09-18 09:30:41,E.H. TAYLOR JR. SMALL BATCH,"3615 SW Cary Parkway , Cary, NC 27513",6
Thursday,2025-09-18 09:30:41,BLANTON'S BOURBON,"11360 Capital Blvd., Wake Forest, NC 27587",6
Thursday,2025-09-18 09:30:41,BLANTON'S BOURBON,"665 Cary Towne Blvd., Cary, NC 27511",6
Thursday,2025-09-18 09:30:41,BLANTON'S BOURBON,"200 New Rand Road, Garner, NC 27529",6
Thursday,2025-09-18 09:30:41,EAGLE RARE 10Y,"11360 Capital Blvd., Wake Forest, NC 27587",24
Thursday,2025-09-18 09:30:41,EAGLE RARE 10Y,"665 Cary Towne Blvd., Cary, NC 27511",23
Thursday,2025-09-18 09:30:41,EAGLE RARE 10Y,"200 New Rand Road, Garner, NC 27529",24
Thursday,2025-09-18 09:30:41,BUFFALO TRACE BOURBON WHISKEY,"11360 Capital Blvd., Wake Forest, NC 27587",48
Thursday,2025-09-18 09:30:41,BUFFALO TRACE BOURBON WHISKEY,"665 Cary Towne Blvd., Cary, NC 27511",36
Thursday,2025-09-18 09:30:41,BUFFALO TRACE BOURBON WHISKEY,"200 New Rand Road, Garner, NC 27529",36
Thursday,2025-09-18 09:30:41,BUFFALO TRACE BOURBON WHISKEY,"3615 SW Cary Parkway , Cary, NC 27513",36
Friday,2025-09-19 09:33:06,SHENK'S SOUR MASH WHISKEY,"4009 Davis Dr., Morrisville, NC 27560",3
Friday,2025-09-19 09:33:06,BLANTON'S BOURBON,"4009 Davis Dr., Morrisville, NC 27560",4
Friday,2025-09-19 09:33:06,EAGLE RARE 10Y,"4009 Davis Dr., Morrisville, NC 27560",22
Friday,2025-09-19 09:33:06,BUFFALO TRACE BOURBON WHISKEY,"4009 Davis Dr., Morrisville, NC 27560",36
Saturday,2025-09-20 09:27:10,SHENK'S SOUR MASH WHISKEY,"6494 Tryon Rd., Cary, NC 27511",3
Saturday,2025-09-20 09:27:10,SHENK'S SOUR MASH WHISKEY,"1415 E. Williams St., Apex, NC 27617",3
Saturday,2025-09-20 09:27:10,SHENK'S SOUR MASH WHISKEY,"1505 Banyon Pl., Wendell, NC 27571",3
Saturday,2025-09-20 09:27:10,E.H. TAYLOR JR. SMALL BATCH,"1505 Banyon Pl., Wendell, NC 27571",6
Saturday,2025-09-20 09:27:10,BLANTON'S BOURBON,"6494 Tryon Rd., Cary, NC 27511",6
Saturday,2025-09-20 09:27:10,BLANTON'S BOURBON,"1415 E. Williams St., Apex, NC 27617",6
Saturday,2025-09-20 09:27:10,BLANTON'S BOURBON,"1505 Banyon Pl., Wendell, NC 27571",6
Saturday,2025-09-20 09:27:10,EAGLE RARE 10Y,"6494 Tryon Rd., Cary, NC 27511",24
Saturday,2025-09-20 09:27:10,EAGLE RARE 10Y,"1415 E. Williams St., Apex, NC 27617",24
Saturday,2025-09-20 09:27:10,EAGLE RARE 10Y,"1505 Banyon Pl., Wendell, NC 27571",23
Saturday,2025-09-20 09:27:10,BUFFALO TRACE BOURBON WHISKEY,"6494 Tryon Rd., Cary, NC 27511",36
Saturday,2025-09-20 09:27:10,BUFFALO TRACE BOURBON WHISKEY,"1415 E. Williams St., Apex, NC 27617",36
Saturday,2025-09-20 09:27:10,BUFFALO TRACE BOURBON WHISKEY,"1505 Banyon Pl., Wendell, NC 27571",36
Monday,2025-09-22 13:16:26,SHENK'S SOUR MASH WHISKEY,"2645 Appliance Ct., Raleigh, NC 27604",3
Monday,2025-09-22 13:22:45,BOMBERGER'S DECLARATION KSB,"209 S Salisbury St, Raleigh, NC 27601",3
Thursday,2025-09-25 09:33:08,BOMBERGER'S DECLARATION KSB,"7336 Creedmoor Rd., Raleigh, NC 27613",3
Thursday,2025-09-25 09:33:08,OLD FORESTER PRESIDENT'S CHOICE RYE,"7336 Creedmoor Rd., Raleigh, NC 27613",6
Thursday,2025-09-25 09:33:08,SHENK'S SOUR MASH WHISKEY,"7336 Creedmoor Rd., Raleigh, NC 27613",3
Thursday,2025-09-25 09:33:08,E.H. TAYLOR JR. SMALL BATCH,"7336 Creedmoor Rd., Raleigh, NC 27613",6
Thursday,2025-09-25 09:33:08,BLANTON'S BOURBON,"7336 Creedmoor Rd., Raleigh, NC 27613",6
Thursday,2025-09-25 09:33:08,EAGLE RARE 10Y,"7336 Creedmoor Rd., Raleigh, NC 27613",24
Thursday,2025-09-25 09:33:08,BUFFALO TRACE BOURBON WHISKEY,"7336 Creedmoor Rd., Raleigh, NC 27613",48
Thursday,2025-10-16 09:36:16,BLANTON'S BOURBON,"1420 N Ardendell Dr., Zebulon, NC 27597",6
Thursday,2025-10-16 09:36:16,EAGLE RARE 10Y,"6301 Town Center Dr., Raleigh, NC 27614",6
Thursday,2025-10-16 09:36:16,EAGLE RARE 10Y,"1420 N Ardendell Dr., Zebulon, NC 27597",24
Thursday,2025-10-16 09:36:16,BUFFALO TRACE BOURBON WHISKEY,"2645 Appliance Ct., Raleigh, NC 27604",34
Thursday,2025-10-16 09:36:16,BUFFALO TRACE BOURBON WHISKEY,"6301 Town Center Dr., Raleigh, NC 27614",11
Thursday,2025-10-16 09:36:16,BUFFALO TRACE BOURBON WHISKEY,"1420 N Ardendell Dr., Zebulon, NC 27597",36
Friday,2025-10-17 09:36:16,BLANTON'S BOURBON,"6494 Tryon Rd., Cary, NC 27511",6
Friday,2025-10-17 09:36:16,BLANTON'S BOURBON,"1415 E. Williams St., Apex, NC 27617",6
Friday,2025-10-17 09:36:16,EAGLE RARE 10Y,"6494 Tryon Rd., Cary, NC 27511",24
Friday,2025-10-17 09:36:16,EAGLE RARE 10Y,"1415 E. Williams St., Apex, NC 27617",24
Friday,2025-10-17 09:36:16,BUFFALO TRACE BOURBON WHISKEY,"6494 Tryon Rd., Cary, NC 27511",36
Friday,2025-10-17 09:36:16,BUFFALO TRACE BOURBON WHISKEY,"1415 E. Williams St., Apex, NC 27617",36
Tuesday,2025-10-21 09:40:09,BLANTON'S BOURBON,"7911 ACC Blvd., Raleigh, NC 27617",2
Tuesday,2025-10-21 09:40:09,EAGLE RARE 10Y,"1601-61 Cross Link Rd., Raleigh, NC 27610",16
Tuesday,2025-10-21 09:40:09,EAGLE RARE 10Y,"7911 ACC Blvd., Raleigh, NC 27617",12
Tuesday,2025-10-21 09:40:09,BUFFALO TRACE BOURBON WHISKEY,"1601-61 Cross Link Rd., Raleigh, NC 27610",36
Tuesday,2025-10-21 09:40:09,BUFFALO TRACE BOURBON WHISKEY,"7911 ACC Blvd., Raleigh, NC 27617",8
Wednesday,2025-10-22 09:40:39,BLANTON'S BOURBON,"200 New Rand Road, Garner, NC 27529",3
Wednesday,2025-10-22 09:40:39,EAGLE RARE 10Y,"200 New Rand Road, Garner, NC 27529",17
Wednesday,2025-10-22 09:40:39,EAGLE RARE 10Y,"100 Village Walk Dr., Holly Springs, NC 27540",4
Wednesday,2025-10-22 09:40:39,EAGLE RARE 10Y,"2109-106 Avent Ferry Rd., Raleigh, NC 27606",5
Wednesday,2025-10-22 09:40:39,BUFFALO TRACE BOURBON WHISKEY,"200 New Rand Road, Garner, NC 27529",27
Wednesday,2025-10-22 09:40:39,BUFFALO TRACE BOURBON WHISKEY,"100 Village Walk Dr., Holly Springs, NC 27540",14
Wednesday,2025-10-22 09:40:39,BUFFALO TRACE BOURBON WHISKEY,"2109-106 Avent Ferry Rd., Raleigh, NC 27606",34
Wednesday,2025-10-29 09:40:39,EAGLE RARE 10Y,"4009 Davis Dr., Morrisville, NC 27560",10
Wednesday,2025-10-29 09:40:39,EAGLE RARE 10Y,"1222 New Bern Ave., Raleigh, NC 27401",16
Wednesday,2025-10-29 09:40:39,BUFFALO TRACE BOURBON WHISKEY,"4009 Davis Dr., Morrisville, NC 27560",26
Wednesday,2025-10-29 09:40:39,BUFFALO TRACE BOURBON WHISKEY,"1222 New Bern Ave., Raleigh, NC 27401",34
Thursday,2025-10-30 09:36:51,BLANTON'S BOURBON,"665 Cary Towne Blvd., Cary, NC 27511",3
Thursday,2025-10-30 09:36:51,EAGLE RARE 10Y,"1793 West Williams St., Apex, NC 27502",6
Thursday,2025-10-30 09:36:51,EAGLE RARE 10Y,"665 Cary Towne Blvd., Cary, NC 27511",18
Thursday,2025-10-30 09:36:51,EAGLE RARE 10Y,"1505 Banyon Pl., Wendell, NC 27571",5
Thursday,2025-10-30 09:36:51,BUFFALO TRACE BOURBON WHISKEY,"1793 West Williams St., Apex, NC 27502",12
Thursday,2025-10-30 09:36:51,BUFFALO TRACE BOURBON WHISKEY,"665 Cary Towne Blvd., Cary, NC 27511",23
Thursday,2025-10-30 09:36:51,BUFFALO TRACE BOURBON WHISKEY,"1505 Banyon Pl., Wendell, NC 27571",9
Thursday,2025-10-30 09:36:51,BLANTON'S BOURBON,"3320 Olympia Dr., Raleigh, NC 27603",4
Thursday,2025-10-30 09:36:51,BLANTON'S BOURBON,"1940 Cinema Dr., Fuquay Varina, NC 27526",4
Thursday,2025-10-30 09:36:51,BLANTON'S BOURBON,"4215 The Circle at North Hills Rd, Raleigh, NC 27609",6
Thursday,2025-10-30 09:36:51,BLANTON'S BOURBON,"209 S Salisbury St, Raleigh, NC 27601",6
Thursday,2025-10-30 09:36:51,EAGLE RARE 10Y,"3320 Olympia Dr., Raleigh, NC 27603",23
Thursday,2025-10-30 09:36:51,EAGLE RARE 10Y,"1940 Cinema Dr., Fuquay Varina, NC 27526",21
Thursday,2025-10-30 09:36:51,EAGLE RARE 10Y,"4215 The Circle at North Hills Rd, Raleigh, NC 27609",24
Thursday,2025-10-30 09:36:51,EAGLE RARE 10Y,"209 S Salisbury St, Raleigh, NC 27601",24
Thursday,2025-10-30 09:36:51,BUFFALO TRACE BOURBON WHISKEY,"3320 Olympia Dr., Raleigh, NC 27603",36
Thursday,2025-10-30 09:36:51,BUFFALO TRACE BOURBON WHISKEY,"1940 Cinema Dr., Fuquay Varina, NC 27526",36
Thursday,2025-10-30 09:36:51,BUFFALO TRACE BOURBON WHISKEY,"4215 The Circle at North Hills Rd, Raleigh, NC 27609",36
Thursday,2025-10-30 09:36:51,BUFFALO TRACE BOURBON WHISKEY,"209 S Salisbury St, Raleigh, NC 27601",36
Thursday,2025-11-06 08:35:12,EAGLE RARE 10Y,"420 Woodburn Rd., Raleigh, NC 27605",2
Thursday,2025-11-06 08:35:12,BUFFALO TRACE BOURBON WHISKEY,"420 Woodburn Rd., Raleigh, NC 27605",32
Friday,2025-11-07 08:35:12,BLANTON'S BOURBON,"7200 Sandy Fork Rd., Raleigh, NC 27609",6
Friday,2025-11-07 08:35:12,BLANTON'S BOURBON,"11360 Capital Blvd., Wake Forest, NC 27587",5
Friday,2025-11-07 08:35:12,EAGLE RARE 10Y,"7200 Sandy Fork Rd., Raleigh, NC 27609",23
Friday,2025-11-07 08:35:12,EAGLE RARE 10Y,"11360 Capital Blvd., Wake Forest, NC 27587",23
Friday,2025-11-07 08:35:12,BUFFALO TRACE BOURBON WHISKEY,"7200 Sandy Fork Rd., Raleigh, NC 27609",36
Friday,2025-11-07 08:35:12,BUFFALO TRACE BOURBON WHISKEY,"11360 Capital Blvd., Wake Forest, NC 27587",36
Thursday,2025-11-13 08:39:39,EAGLE RARE 10Y,"7336 Creedmoor Rd., Raleigh, NC 27613",10
Thursday,2025-11-13 08:39:39,BUFFALO TRACE BOURBON WHISKEY,"7336 Creedmoor Rd., Raleigh, NC 27613",28
Thursday,2025-11-13 08:39:39,BLANTON'S BOURBON,"3615 SW Cary Parkway , Cary, NC 27513",2
Thursday,2025-11-13 08:39:39,EAGLE RARE 10Y,"3615 SW Cary Parkway , Cary, NC 27513",6
Thursday,2025-11-13 08:39:39,BUFFALO TRACE BOURBON WHISKEY,"6809 Davis Circle, Raleigh, NC 27612",12
Thursday,2025-11-13 08:39:39,BUFFALO TRACE BOURBON WHISKEY,"3615 SW Cary Parkway , Cary, NC 27513",25
Friday,2025-11-14 08:37:19,OLD FITZGERALD 7Y BIB,"7200 Sandy Fork Rd., Raleigh, NC 27609",6
Friday,2025-11-14 08:37:19,E.H. TAYLOR JR. SMALL BATCH,"7200 Sandy Fork Rd., Raleigh, NC 27609",6
Friday,2025-11-14 08:37:19,E.H. TAYLOR JR. BARREL PROOF,"7200 Sandy Fork Rd., Raleigh, NC 27609",6
Friday,2025-11-14 08:37:19,EAGLE RARE 10Y,"7200 Sandy Fork Rd., Raleigh, NC 27609",22
Friday,2025-11-14 08:37:19,BUFFALO TRACE BOURBON WHISKEY,"7200 Sandy Fork Rd., Raleigh, NC 27609",24
Thursday,2025-11-20 08:35:27,OLD FITZGERALD 7Y BIB,"209 S Salisbury St, Raleigh, NC 27601",6
Thursday,2025-11-20 08:35:27,E.H. TAYLOR JR. SMALL BATCH,"209 S Salisbury St, Raleigh, NC 27601",6
Thursday,2025-11-20 08:35:27,EAGLE RARE 10Y,"2645 Appliance Ct., Raleigh, NC 27604",24
Thursday,2025-11-20 08:35:27,EAGLE RARE 10Y,"6301 Town Center Dr., Raleigh, NC 27614",23
Thursday,2025-11-20 08:35:27,EAGLE RARE 10Y,"7911 ACC Blvd., Raleigh, NC 27617",11
Thursday,2025-11-20 08:35:27,EAGLE RARE 10Y,"100 Village Walk Dr., Holly Springs, NC 27540",2
Thursday,2025-11-20 08:35:27,EAGLE RARE 10Y,"209 S Salisbury St, Raleigh, NC 27601",24
Thursday,2025-11-20 08:35:27,EAGLE RARE 10Y,"2109-106 Avent Ferry Rd., Raleigh, NC 27606",7
Thursday,2025-11-20 08:35:27,BUFFALO TRACE BOURBON WHISKEY,"2645 Appliance Ct., Raleigh, NC 27604",24
Thursday,2025-11-20 08:35:27,BUFFALO TRACE BOURBON WHISKEY,"209 S Salisbury St, Raleigh, NC 27601",24
Thursday,2025-11-20 08:35:27,BUFFALO TRACE BOURBON WHISKEY,"2109-106 Avent Ferry Rd., Raleigh, NC 27606",24
Friday,2025-11-21 08:35:27,EAGLE RARE 10Y,"1793 West Williams St., Apex, NC 27502",23
Friday,2025-11-21 08:35:27,EAGLE RARE 10Y,"4501 Vineyard Pine Ln., Rolesville, NC 27571",24
Friday,2025-11-21 08:35:27,EAGLE RARE 10Y,"4009 Davis Dr., Morrisville, NC 27560",24
Friday,2025-11-21 08:35:27,EAGLE RARE 10Y,"1420 N Ardendell Dr., Zebulon, NC 27597",24
Friday,2025-11-21 08:35:27,EAGLE RARE 10Y,"420 Woodburn Rd., Raleigh, NC 27605",8
Friday,2025-11-21 08:35:27,BUFFALO TRACE BOURBON WHISKEY,"1793 West Williams St., Apex, NC 27502",24
Friday,2025-11-21 08:35:27,BUFFALO TRACE BOURBON WHISKEY,"4501 Vineyard Pine Ln., Rolesville, NC 27571",24
Friday,2025-11-21 08:35:27,BUFFALO TRACE BOURBON WHISKEY,"4009 Davis Dr., Morrisville, NC 27560",24
Friday,2025-11-21 08:35:27,BUFFALO TRACE BOURBON WHISKEY,"1420 N Ardendell Dr., Zebulon, NC 27597",24
Friday,2025-11-21 08:35:27,BUFFALO TRACE BOURBON WHISKEY,"420 Woodburn Rd., Raleigh, NC 27605",18
Tuesday,2025-11-25 08:41:12,E.H. TAYLOR JR. BARREL PROOF,"665 Cary Towne Blvd., Cary, NC 27511",6
Tuesday,2025-11-25 08:41:12,EAGLE RARE 10Y,"665 Cary Towne Blvd., Cary, NC 27511",24
Tuesday,2025-11-25 08:41:12,EAGLE RARE 10Y,"1505 Banyon Pl., Wendell, NC 27571",24
Tuesday,2025-11-25 08:41:12,EAGLE RARE 10Y,"3615 SW Cary Parkway , Cary, NC 27513",24
Tuesday,2025-11-25 08:41:12,EAGLE RARE 10Y,"1222 New Bern Ave., Raleigh, NC 27401",24
Tuesday,2025-11-25 08:41:12,BUFFALO TRACE BOURBON WHISKEY,"665 Cary Towne Blvd., Cary, NC 27511",24
Tuesday,2025-11-25 08:41:12,BUFFALO TRACE BOURBON WHISKEY,"1505 Banyon Pl., Wendell, NC 27571",24
Tuesday,2025-11-25 08:41:12,BUFFALO TRACE BOURBON WHISKEY,"3615 SW Cary Parkway , Cary, NC 27513",24
Tuesday,2025-11-25 08:41:12,BUFFALO TRACE BOURBON WHISKEY,"1222 New Bern Ave., Raleigh, NC 27401",24
Wednesday,2025-11-26 08:41:12,EAGLE RARE 10Y,"704 Money Ct., Knightdale, NC 27545",24
Wednesday,2025-11-26 08:41:12,BUFFALO TRACE BOURBON WHISKEY,"6301 Town Center Dr., Raleigh, NC 27614",24
Wednesday,2025-11-26 08:41:12,BUFFALO TRACE BOURBON WHISKEY,"704 Money Ct., Knightdale, NC 27545",24
Friday,2025-11-28 08:34:12,OLD FITZGERALD 7Y BIB,"1940 Cinema Dr., Fuquay Varina, NC 27526",6
Friday,2025-11-28 08:34:12,OLD FITZGERALD 7Y BIB,"4215 The Circle at North Hills Rd, Raleigh, NC 27609",6
Friday,2025-11-28 08:34:12,E.H. TAYLOR JR. SMALL BATCH,"1940 Cinema Dr., Fuquay Varina, NC 27526",6
Friday,2025-11-28 08:34:12,E.H. TAYLOR JR. SMALL BATCH,"4215 The Circle at North Hills Rd, Raleigh, NC 27609",6
Friday,2025-11-28 08:34:12,E.H. TAYLOR JR. BARREL PROOF,"4215 The Circle at North Hills Rd, Raleigh, NC 27609",6
Friday,2025-11-28 08:34:12,EAGLE RARE 10Y,"3320 Olympia Dr., Raleigh, NC 27603",16
Friday,2025-11-28 08:34:12,EAGLE RARE 10Y,"1940 Cinema Dr., Fuquay Varina, NC 27526",21
Friday,2025-11-28 08:34:12,EAGLE RARE 10Y,"6494 Tryon Rd., Cary, NC 27511",24
Friday,2025-11-28 08:34:12,EAGLE RARE 10Y,"1415 E. Williams St., Apex, NC 27617",24
Friday,2025-11-28 08:34:12,EAGLE RARE 10Y,"4215 The Circle at North Hills Rd, Raleigh, NC 27609",24
Friday,2025-11-28 08:34:12,BUFFALO TRACE BOURBON WHISKEY,"3320 Olympia Dr., Raleigh, NC 27603",19
Friday,2025-11-28 08:34:12,BUFFALO TRACE BOURBON WHISKEY,"1940 Cinema Dr., Fuquay Varina, NC 27526",24
Friday,2025-11-28 08:34:12,BUFFALO TRACE BOURBON WHISKEY,"6494 Tryon Rd., Cary, NC 27511",24
Friday,2025-11-28 08:34:12,BUFFALO TRACE BOURBON WHISKEY,"1415 E. Williams St., Apex, NC 27617",24
Friday,2025-11-28 08:34:12,BUFFALO TRACE BOURBON WHISKEY,"4215 The Circle at North Hills Rd, Raleigh, NC 27609",24
Friday,2025-11-28 08:34:12,WOODFORD RESERVE MASTERS COLL. SWEET OAK,"1940 Cinema Dr., Fuquay Varina, NC 27526",6
Friday,2025-11-28 08:34:12,WOODFORD RESERVE MASTERS COLL. SWEET OAK,"200 New Rand Road, Garner, NC 27529",4
Wednesday,2025-11-26 08:41:12,WOODFORD RESERVE MASTERS COLL. SWEET OAK,"704 Money Ct., Knightdale, NC 27545",5
Friday,2025-11-28 08:34:12,WOODFORD RESERVE MASTERS COLL. SWEET OAK,"4215 The Circle at North Hills Rd, Raleigh, NC 27609",6
Friday,2025-11-28 08:34:12,1792 FULL PROOF BARR SEL (BTB),"1505 Banyon Pl., Wendell, NC 27571",2
Friday,2025-11-28 08:34:12,JACK DANIEL'S SINGLE BARREL HERITAGE,"7200 Sandy Fork Rd., Raleigh, NC 27609",4
Friday,2025-11-28 08:34:12,JACK DANIEL'S SINGLE BARREL HERITAGE,"3320 Olympia Dr., Raleigh, NC 27603",11
Friday,2025-11-28 08:34:12,JACK DANIEL'S SINGLE BARREL HERITAGE,"1940 Cinema Dr., Fuquay Varina, NC 27526",12
Friday,2025-11-28 08:34:12,JACK DANIEL'S SINGLE BARREL HERITAGE,"665 Cary Towne Blvd., Cary, NC 27511",9
Friday,2025-11-28 08:34:12,JACK DANIEL'S SINGLE BARREL HERITAGE,"6494 Tryon Rd., Cary, NC 27511",12
Wednesday,2025-11-26 08:41:12,JACK DANIEL'S SINGLE BARREL HERITAGE,"704 Money Ct., Knightdale, NC 27545",4
Friday,2025-11-28 08:34:12,JACK DANIEL'S SINGLE BARREL HERITAGE,"1415 E. Williams St., Apex, NC 27617",12
Friday,2025-11-28 08:34:12,JACK DANIEL'S SINGLE BARREL HERITAGE,"1505 Banyon Pl., Wendell, NC 27571",2
Friday,2025-11-28 08:34:12,JACK DANIEL'S SINGLE BARREL HERITAGE,"4215 The Circle at North Hills Rd, Raleigh, NC 27609",12
Friday,2025-11-28 08:34:12,JACK DANIEL'S SINGLE BARREL HERITAGE,"4009 Davis Dr., Morrisville, NC 27560",5
Friday,2025-11-28 08:34:12,JACK DANIEL'S SINGLE BARREL HERITAGE,"3615 SW Cary Parkway , Cary, NC 27513",4
Friday,2025-11-28 08:34:12,JACK DANIEL'S SINGLE BARREL HERITAGE,"1222 New Bern Ave., Raleigh, NC 27401",11
Friday,2025-11-28 08:34:12,ELIJAH CRAIG 18Y,"1940 Cinema Dr., Fuquay Varina, NC 27526",3
Friday,2025-11-28 08:34:12,ELIJAH CRAIG 18Y,"4215 The Circle at North Hills Rd, Raleigh, NC 27609",3
Tuesday,2025-12-02 08:44:18,WOODFORD RESERVE MASTERS COLL. SWEET OAK,"11360 Capital Blvd., Wake Forest, NC 27587",6
Tuesday,2025-12-02 08:44:18,WOODFORD RESERVE MASTERS COLL. SWEET OAK,"7336 Creedmoor Rd., Raleigh, NC 27613",6
Tuesday,2025-12-02 08:44:18,WOODFORD RESERVE MASTERS COLL. SWEET OAK,"6809 Davis Circle, Raleigh, NC 27612",5
Tuesday,2025-12-02 08:44:18,OLD FITZGERALD 7Y BIB,"11360 Capital Blvd., Wake Forest, NC 27587",6
Tuesday,2025-12-02 08:44:18,OLD FITZGERALD 7Y BIB,"7336 Creedmoor Rd., Raleigh, NC 27613",6
Tuesday,2025-12-02 08:44:18,E.H. TAYLOR JR. SMALL BATCH,"11360 Capital Blvd., Wake Forest, NC 27587",6
Tuesday,2025-12-02 08:44:18,E.H. TAYLOR JR. SMALL BATCH,"7336 Creedmoor Rd., Raleigh, NC 27613",6
Tuesday,2025-12-02 08:44:18,E.H. TAYLOR JR. BARREL PROOF,"11360 Capital Blvd., Wake Forest, NC 27587",4
Tuesday,2025-12-02 08:44:18,EAGLE RARE 10Y,"11360 Capital Blvd., Wake Forest, NC 27587",24
Tuesday,2025-12-02 08:44:18,EAGLE RARE 10Y,"1601-61 Cross Link Rd., Raleigh, NC 27610",24
Tuesday,2025-12-02 08:44:18,EAGLE RARE 10Y,"7336 Creedmoor Rd., Raleigh, NC 27613",24
Tuesday,2025-12-02 08:44:18,EAGLE RARE 10Y,"6809 Davis Circle, Raleigh, NC 27612",8
Tuesday,2025-12-02 08:44:18,JACK DANIEL'S SINGLE BARREL HERITAGE,"11360 Capital Blvd., Wake Forest, NC 27587",12
Tuesday,2025-12-02 08:44:18,JACK DANIEL'S SINGLE BARREL HERITAGE,"1601-61 Cross Link Rd., Raleigh, NC 27610",12
Tuesday,2025-12-02 08:44:18,JACK DANIEL'S SINGLE BARREL HERITAGE,"7336 Creedmoor Rd., Raleigh, NC 27613",12
Tuesday,2025-12-02 08:44:18,JACK DANIEL'S SINGLE BARREL HERITAGE,"6809 Davis Circle, Raleigh, NC 27612",12
Tuesday,2025-12-02 08:44:18,ELIJAH CRAIG 18Y,"11360 Capital Blvd., Wake Forest, NC 27587",3
Tuesday,2025-12-02 08:44:18,ELIJAH CRAIG 18Y,"7336 Creedmoor Rd., Raleigh, NC 27613",3
Tuesday,2025-12-02 08:44:18,BUFFALO TRACE BOURBON WHISKEY,"11360 Capital Blvd., Wake Forest, NC 27587",24
Tuesday,2025-12-02 08:44:18,BUFFALO TRACE BOURBON WHISKEY,"1601-61 Cross Link Rd., Raleigh, NC 27610",24
Tuesday,2025-12-02 08:44:18,BUFFALO TRACE BOURBON WHISKEY,"7336 Creedmoor Rd., Raleigh, NC 27613",24
Tuesday,2025-12-02 08:44:18,BUFFALO TRACE BOURBON WHISKEY,"6809 Davis Circle, Raleigh, NC 27612",24
Tuesday,2025-12-02 18:06:25,JACK DANIEL'S SINGLE BARREL HERITAGE,"2109-106 Avent Ferry Rd., Raleigh, NC 27606",6
Thursday,2025-12-11 08:42:02,E.H. TAYLOR SINGLE BARREL BOUR,"4215 The Circle at North Hills Rd, Raleigh, NC 27609",6
Thursday,2025-12-11 08:42:02,E.H. TAYLOR JR. BARREL PROOF,"4215 The Circle at North Hills Rd, Raleigh, NC 27609",6
Thursday,2025-12-11 08:42:02,STAGG BOURBON,"4215 The Circle at North Hills Rd, Raleigh, NC 27609",6
Thursday,2025-12-11 08:42:02,EAGLE RARE 10Y,"2645 Appliance Ct., Raleigh, NC 27604",24
Thursday,2025-12-11 08:42:02,EAGLE RARE 10Y,"4215 The Circle at North Hills Rd, Raleigh, NC 27609",24
Thursday,2025-12-11 08:42:02,JACK DANIEL'S SINGLE BARREL HERITAGE,"2645 Appliance Ct., Raleigh, NC 27604",12
Thursday,2025-12-11 08:42:02,JACK DANIEL'S SINGLE BARREL HERITAGE,"4215 The Circle at North Hills Rd, Raleigh, NC 27609",12
Thursday,2025-12-11 08:42:02,BUFFALO TRACE BOURBON WHISKEY,"2645 Appliance Ct., Raleigh, NC 27604",36
Thursday,2025-12-11 08:42:02,BUFFALO TRACE BOURBON WHISKEY,"4215 The Circle at North Hills Rd, Raleigh, NC 27609",36
Friday,2025-12-12 12:55:52,E.H. TAYLOR SINGLE BARREL BOUR,"7336 Creedmoor Rd., Raleigh, NC 27613",6
Friday,2025-12-12 12:55:52,E.H. TAYLOR JR. BARREL PROOF,"7336 Creedmoor Rd., Raleigh, NC 27613",6
Friday,2025-12-12 12:55:52,STAGG BOURBON,"7336 Creedmoor Rd., Raleigh, NC 27613",6
Friday,2025-12-12 12:55:52,EAGLE RARE 10Y,"3320 Olympia Dr., Raleigh, NC 27603",24
Friday,2025-12-12 12:55:52,EAGLE RARE 10Y,"6494 Tryon Rd., Cary, NC 27511",24
Friday,2025-12-12 12:55:52,EAGLE RARE 10Y,"7336 Creedmoor Rd., Raleigh, NC 27613",24
Friday,2025-12-12 12:55:52,JACK DANIEL'S SINGLE BARREL HERITAGE,"3320 Olympia Dr., Raleigh, NC 27603",12
Friday,2025-12-12 12:55:52,JACK DANIEL'S SINGLE BARREL HERITAGE,"6494 Tryon Rd., Cary, NC 27511",12
Friday,2025-12-12 12:55:52,JACK DANIEL'S SINGLE BARREL HERITAGE,"7336 Creedmoor Rd., Raleigh, NC 27613",12
Friday,2025-12-12 12:55:52,JACK DANIEL'S SINGLE BARREL HERITAGE,"1415 E. Williams St., Apex, NC 27617",12
Friday,2025-12-12 12:55:52,BUFFALO TRACE BOURBON WHISKEY,"3320 Olympia Dr., Raleigh, NC 27603",36
Friday,2025-12-12 12:55:52,BUFFALO TRACE BOURBON WHISKEY,"6494 Tryon Rd., Cary, NC 27511",36
Friday,2025-12-12 12:55:52,BUFFALO TRACE BOURBON WHISKEY,"7336 Creedmoor Rd., Raleigh, NC 27613",36
Friday,2025-12-12 12:55:52,BUFFALO TRACE BOURBON WHISKEY,"1415 E. Williams St., Apex, NC 27617",36
Monday,2025-12-15 00:20:11,E.H. TAYLOR SINGLE BARREL BOUR,"200 New Rand Road, Garner, NC 27529",6
Monday,2025-12-15 00:20:11,E.H. TAYLOR JR. BARREL PROOF,"200 New Rand Road, Garner, NC 27529",6
Monday,2025-12-15 00:20:11,STAGG BOURBON,"200 New Rand Road, Garner, NC 27529",6
Monday,2025-12-15 00:20:11,EAGLE RARE 10Y,"200 New Rand Road, Garner, NC 27529",24
Monday,2025-12-15 00:20:11,JACK DANIEL'S SINGLE BARREL HERITAGE,"2645 Appliance Ct., Raleigh, NC 27604",4
Monday,2025-12-15 00:20:11,JACK DANIEL'S SINGLE BARREL HERITAGE,"3320 Olympia Dr., Raleigh, NC 27603",3
Monday,2025-12-15 00:20:11,JACK DANIEL'S SINGLE BARREL HERITAGE,"665 Cary Towne Blvd., Cary, NC 27511",3
Monday,2025-12-15 00:20:11,JACK DANIEL'S SINGLE BARREL HERITAGE,"200 New Rand Road, Garner, NC 27529",12
Monday,2025-12-15 00:20:11,JACK DANIEL'S SINGLE BARREL HERITAGE,"1601-61 Cross Link Rd., Raleigh, NC 27610",5
Monday,2025-12-15 00:20:11,JACK DANIEL'S SINGLE BARREL HERITAGE,"6494 Tryon Rd., Cary, NC 27511",3
Monday,2025-12-15 00:20:11,JACK DANIEL'S SINGLE BARREL HERITAGE,"1222 New Bern Ave., Raleigh, NC 27401",4
Monday,2025-12-15 00:20:11,BUFFALO TRACE BOURBON WHISKEY,"3320 Olympia Dr., Raleigh, NC 27603",23
Monday,2025-12-15 00:20:11,BUFFALO TRACE BOURBON WHISKEY,"200 New Rand Road, Garner, NC 27529",36
Thursday,2025-12-18 08:41:20,WOODFORD RESERVE MASTERS COLL. SWEET OAK,"6494 Tryon Rd., Cary, NC 27511",6
Wednesday,2025-12-17 08:41:20,WOODFORD RESERVE MASTERS COLL. SWEET OAK,"2109-106 Avent Ferry Rd., Raleigh, NC 27606",6
Thursday,2025-12-18 08:41:20,KING OF KENTUCKY,"209 S Salisbury St, Raleigh, NC 27601",7
Thursday,2025-12-18 08:41:20,OLD FITZGERALD 7Y BIB,"209 S Salisbury St, Raleigh, NC 27601",12
Thursday,2025-12-18 08:41:20,OLD FITZGERALD 9Y DECANTER 2025,"209 S Salisbury St, Raleigh, NC 27601",3
Thursday,2025-12-18 08:41:20,WELLER SPECIAL RESERVE (BTB),"209 S Salisbury St, Raleigh, NC 27601",48
Thursday,2025-12-18 08:41:20,WELLER FULL PROOF,"209 S Salisbury St, Raleigh, NC 27601",3
Thursday,2025-12-18 08:41:20,WELLER CYPB,"209 S Salisbury St, Raleigh, NC 27601",20
Thursday,2025-12-18 08:41:20,W.L. WELLER 12Y,"209 S Salisbury St, Raleigh, NC 27601",5
Thursday,2025-12-18 08:41:20,E.H. TAYLOR SINGLE BARREL BOUR,"6301 Town Center Dr., Raleigh, NC 27614",6
Thursday,2025-12-18 08:41:20,E.H. TAYLOR SINGLE BARREL BOUR,"7911 ACC Blvd., Raleigh, NC 27617",3
Thursday,2025-12-18 08:41:20,E.H. TAYLOR JR. SMALL BATCH,"209 S Salisbury St, Raleigh, NC 27601",34
Thursday,2025-12-18 08:41:20,E.H. TAYLOR JR. BARREL PROOF,"6301 Town Center Dr., Raleigh, NC 27614",6
Thursday,2025-12-18 08:41:20,E.H. TAYLOR JR. BARREL PROOF,"7911 ACC Blvd., Raleigh, NC 27617",2
Thursday,2025-12-18 08:41:20,E.H. TAYLOR JR. BARREL PROOF,"209 S Salisbury St, Raleigh, NC 27601",20
Thursday,2025-12-18 08:41:20,BLANTON'S GOLD SNGL BARR SELECT (BTB),"209 S Salisbury St, Raleigh, NC 27601",7
Thursday,2025-12-18 08:41:20,BLANTON'S BOURBON,"209 S Salisbury St, Raleigh, NC 27601",20
Thursday,2025-12-18 08:41:20,STAGG JR. (BTB),"209 S Salisbury St, Raleigh, NC 27601",3
Thursday,2025-12-18 08:41:20,GEORGE T. STAGG,"209 S Salisbury St, Raleigh, NC 27601",12
Thursday,2025-12-18 08:41:20,STAGG BOURBON,"6301 Town Center Dr., Raleigh, NC 27614",5
Thursday,2025-12-18 08:41:20,STAGG BOURBON,"7911 ACC Blvd., Raleigh, NC 27617",2
Thursday,2025-12-18 08:41:20,STAGG BOURBON,"209 S Salisbury St, Raleigh, NC 27601",18
Thursday,2025-12-18 08:41:20,EAGLE RARE 10Y,"6301 Town Center Dr., Raleigh, NC 27614",24
Thursday,2025-12-18 08:41:20,EAGLE RARE 10Y,"1601-61 Cross Link Rd., Raleigh, NC 27610",7
Thursday,2025-12-18 08:41:20,EAGLE RARE 10Y,"7911 ACC Blvd., Raleigh, NC 27617",9
Thursday,2025-12-18 08:41:20,EAGLE RARE 10Y,"209 S Salisbury St, Raleigh, NC 27601",7
Thursday,2025-12-18 08:41:20,EAGLE RARE 10Y,"6809 Davis Circle, Raleigh, NC 27612",2
Wednesday,2025-12-17 08:41:20,1792 FULL PROOF BARR SEL (BTB),"100 Village Walk Dr., Holly Springs, NC 27540",6
Thursday,2025-12-18 08:41:20,JACK DANIEL'S SINGLE BARREL HERITAGE,"11360 Capital Blvd., Wake Forest, NC 27587",12
Thursday,2025-12-18 08:41:20,JACK DANIEL'S SINGLE BARREL HERITAGE,"6301 Town Center Dr., Raleigh, NC 27614",12
Thursday,2025-12-18 08:41:20,JACK DANIEL'S SINGLE BARREL HERITAGE,"7911 ACC Blvd., Raleigh, NC 27617",11
Wednesday,2025-12-17 08:41:20,JACK DANIEL'S SINGLE BARREL HERITAGE,"100 Village Walk Dr., Holly Springs, NC 27540",18
Thursday,2025-12-18 08:41:20,JACK DANIEL'S SINGLE BARREL HERITAGE,"1505 Banyon Pl., Wendell, NC 27571",12
Thursday,2025-12-18 08:41:20,JACK DANIEL'S SINGLE BARREL HERITAGE,"209 S Salisbury St, Raleigh, NC 27601",15
Wednesday,2025-12-17 08:41:20,JACK DANIEL'S SINGLE BARREL HERITAGE,"2109-106 Avent Ferry Rd., Raleigh, NC 27606",22
Thursday,2025-12-18 08:41:20,JACK DANIEL'S SINGLE BARREL HERITAGE,"6809 Davis Circle, Raleigh, NC 27612",10
Thursday,2025-12-18 08:41:20,MICHTER'S TOASTED SOUR MASH,"209 S Salisbury St, Raleigh, NC 27601",10
Thursday,2025-12-18 08:41:20,EAGLE RARE 17Y,"209 S Salisbury St, Raleigh, NC 27601",6
Thursday,2025-12-18 08:41:20,THOMAS H. HANDY,"209 S Salisbury St, Raleigh, NC 27601",8
Thursday,2025-12-18 08:41:20,ELIJAH CRAIG 18Y,"209 S Salisbury St, Raleigh, NC 27601",20
Thursday,2025-12-18 08:41:20,BUFFALO TRACE BOURBON WHISKEY,"6301 Town Center Dr., Raleigh, NC 27614",36
Thursday,2025-12-18 08:41:20,BUFFALO TRACE BOURBON WHISKEY,"1601-61 Cross Link Rd., Raleigh, NC 27610",36
Thursday,2025-12-18 08:41:20,BUFFALO TRACE BOURBON WHISKEY,"209 S Salisbury St, Raleigh, NC 27601",40
Wednesday,2025-12-17 08:41:20,BUFFALO TRACE BOURBON WHISKEY,"2109-106 Avent Ferry Rd., Raleigh, NC 27606",27
Thursday,2025-12-18 08:41:20,BUFFALO TRACE BOURBON WHISKEY,"6809 Davis Circle, Raleigh, NC 27612",33
Friday,2025-12-19 08:35:06,E.H. TAYLOR SINGLE BARREL BOUR,"3615 SW Cary Parkway , Cary, NC 27513",5
Friday,2025-12-19 08:35:06,E.H. TAYLOR SINGLE BARREL BOUR,"420 Woodburn Rd., Raleigh, NC 27605",6
Friday,2025-12-19 08:35:06,E.H. TAYLOR JR. BARREL PROOF,"3615 SW Cary Parkway , Cary, NC 27513",6
Friday,2025-12-19 08:35:06,E.H. TAYLOR JR. BARREL PROOF,"420 Woodburn Rd., Raleigh, NC 27605",6
Friday,2025-12-19 08:35:06,STAGG BOURBON,"3615 SW Cary Parkway , Cary, NC 27513",6
Friday,2025-12-19 08:35:06,STAGG BOURBON,"420 Woodburn Rd., Raleigh, NC 27605",6
Friday,2025-12-19 08:35:06,EAGLE RARE 10Y,"4501 Vineyard Pine Ln., Rolesville, NC 27571",24
Friday,2025-12-19 08:35:06,EAGLE RARE 10Y,"1420 N Ardendell Dr., Zebulon, NC 27597",24
Friday,2025-12-19 08:35:06,EAGLE RARE 10Y,"3615 SW Cary Parkway , Cary, NC 27513",24
Friday,2025-12-19 08:35:06,EAGLE RARE 10Y,"420 Woodburn Rd., Raleigh, NC 27605",24
Friday,2025-12-19 08:35:06,1792 FULL PROOF BARR SEL (BTB),"1793 West Williams St., Apex, NC 27502",6
Friday,2025-12-19 08:35:06,JACK DANIEL'S SINGLE BARREL HERITAGE,"1793 West Williams St., Apex, NC 27502",12
Friday,2025-12-19 08:35:06,JACK DANIEL'S SINGLE BARREL HERITAGE,"4501 Vineyard Pine Ln., Rolesville, NC 27571",12
Friday,2025-12-19 08:35:06,JACK DANIEL'S SINGLE BARREL HERITAGE,"4215 The Circle at North Hills Rd, Raleigh, NC 27609",12
Friday,2025-12-19 08:35:06,JACK DANIEL'S SINGLE BARREL HERITAGE,"1420 N Ardendell Dr., Zebulon, NC 27597",12
Friday,2025-12-19 08:35:06,JACK DANIEL'S SINGLE BARREL HERITAGE,"3615 SW Cary Parkway , Cary, NC 27513",12
Friday,2025-12-19 08:35:06,JACK DANIEL'S SINGLE BARREL HERITAGE,"420 Woodburn Rd., Raleigh, NC 27605",12
Friday,2025-12-19 08:35:06,BUFFALO TRACE BOURBON WHISKEY,"4501 Vineyard Pine Ln., Rolesville, NC 27571",36
Friday,2025-12-19 08:35:06,BUFFALO TRACE BOURBON WHISKEY,"1420 N Ardendell Dr., Zebulon, NC 27597",36
Friday,2025-12-19 08:35:06,BUFFALO TRACE BOURBON WHISKEY,"3615 SW Cary Parkway , Cary, NC 27513",36
Friday,2025-12-19 08:35:06,BUFFALO TRACE BOURBON WHISKEY,"420 Woodburn Rd., Raleigh, NC 27605",36
Monday,2025-12-22 08:43:24,E.H. TAYLOR SINGLE BARREL BOUR,"7200 Sandy Fork Rd., Raleigh, NC 27609",5
Monday,2025-12-22 08:43:24,E.H. TAYLOR JR. BARREL PROOF,"7200 Sandy Fork Rd., Raleigh, NC 27609",5
Monday,2025-12-22 08:43:24,STAGG BOURBON,"7200 Sandy Fork Rd., Raleigh, NC 27609",6
Monday,2025-12-22 08:43:24,EAGLE RARE 10Y,"7200 Sandy Fork Rd., Raleigh, NC 27609",23
Monday,2025-12-22 08:43:24,JACK DANIEL'S SINGLE BARREL HERITAGE,"7200 Sandy Fork Rd., Raleigh, NC 27609",12
Monday,2025-12-22 08:43:24,BUFFALO TRACE BOURBON WHISKEY,"7200 Sandy Fork Rd., Raleigh, NC 27609",36
Tuesday,2025-12-23 08:39:52,EAGLE RARE 10Y,"1505 Banyon Pl., Wendell, NC 27571",10
Tuesday,2025-12-23 08:39:52,EAGLE RARE 10Y,"1222 New Bern Ave., Raleigh, NC 27401",24
Tuesday,2025-12-23 08:39:52,JACK DANIEL'S SINGLE BARREL HERITAGE,"1222 New Bern Ave., Raleigh, NC 27401",12
Tuesday,2025-12-23 08:39:52,BUFFALO TRACE BOURBON WHISKEY,"1505 Banyon Pl., Wendell, NC 27571",32
Tuesday,2025-12-23 08:39:52,BUFFALO TRACE BOURBON WHISKEY,"1222 New Bern Ave., Raleigh, NC 27401",36
Wednesday,2025-12-24 08:40:03,E.H. TAYLOR SINGLE BARREL BOUR,"1793 West Williams St., Apex, NC 27502",6
Wednesday,2025-12-24 08:40:03,E.H. TAYLOR SINGLE BARREL BOUR,"665 Cary Towne Blvd., Cary, NC 27511",6
Wednesday,2025-12-24 08:40:03,E.H. TAYLOR JR. BARREL PROOF,"1793 West Williams St., Apex, NC 27502",6
Wednesday,2025-12-24 08:40:03,E.H. TAYLOR JR. BARREL PROOF,"665 Cary Towne Blvd., Cary, NC 27511",6
Wednesday,2025-12-24 08:40:03,STAGG BOURBON,"1793 West Williams St., Apex, NC 27502",6
Wednesday,2025-12-24 08:40:03,STAGG BOURBON,"665 Cary Towne Blvd., Cary, NC 27511",6
Wednesday,2025-12-24 08:40:03,EAGLE RARE 10Y,"1793 West Williams St., Apex, NC 27502",24
Wednesday,2025-12-24 08:40:03,EAGLE RARE 10Y,"665 Cary Towne Blvd., Cary, NC 27511",23
Wednesday,2025-12-24 08:40:03,JACK DANIEL'S SINGLE BARREL HERITAGE,"665 Cary Towne Blvd., Cary, NC 27511",12
Wednesday,2025-12-24 08:40:03,BUFFALO TRACE BOURBON WHISKEY,"1793 West Williams St., Apex, NC 27502",36
Wednesday,2025-12-24 08:40:03,BUFFALO TRACE BOURBON WHISKEY,"665 Cary Towne Blvd., Cary, NC 27511",36
Friday,2025-12-26 08:36:35,E.H. TAYLOR SINGLE BARREL BOUR,"1940 Cinema Dr., Fuquay Varina, NC 27526",6
Friday,2025-12-26 08:36:35,E.H. TAYLOR JR. BARREL PROOF,"1940 Cinema Dr., Fuquay Varina, NC 27526",6
Friday,2025-12-26 08:36:35,STAGG BOURBON,"1940 Cinema Dr., Fuquay Varina, NC 27526",6
Friday,2025-12-26 08:36:35,EAGLE RARE 10Y,"1940 Cinema Dr., Fuquay Varina, NC 27526",9
Friday,2025-12-26 08:36:35,EAGLE RARE 10Y,"6494 Tryon Rd., Cary, NC 27511",24
Friday,2025-12-26 08:36:35,JACK DANIEL'S SINGLE BARREL HERITAGE,"1940 Cinema Dr., Fuquay Varina, NC 27526",6
Friday,2025-12-26 08:36:35,JACK DANIEL'S SINGLE BARREL HERITAGE,"6494 Tryon Rd., Cary, NC 27511",12
Friday,2025-12-26 08:36:35,BUFFALO TRACE BOURBON WHISKEY,"1940 Cinema Dr., Fuquay Varina, NC 27526",36
Friday,2025-12-26 08:36:35,BUFFALO TRACE BOURBON WHISKEY,"6494 Tryon Rd., Cary, NC 27511",36
Tuesday,2025-12-30 08:40:25,EAGLE RARE 10Y,"4009 Davis Dr., Morrisville, NC 27560",3
Tuesday,2025-12-30 08:40:25,BUFFALO TRACE BOURBON WHISKEY,"4009 Davis Dr., Morrisville, NC 27560",10
Wednesday,2025-12-31 08:41:14,EAGLE RARE 10Y,"11360 Capital Blvd., Wake Forest, NC 27587",6
Wednesday,2025-12-31 08:41:14,EAGLE RARE 10Y,"704 Money Ct., Knightdale, NC 27545",24
Wednesday,2025-12-31 08:41:14,JACK DANIEL'S SINGLE BARREL HERITAGE,"704 Money Ct., Knightdale, NC 27545",12
Wednesday,2025-12-31 08:41:14,JACK DANIEL'S SINGLE BARREL HERITAGE,"7911 ACC Blvd., Raleigh, NC 27617",18
Wednesday,2025-12-31 08:41:14,BUFFALO TRACE BOURBON WHISKEY,"704 Money Ct., Knightdale, NC 27545",36
Monday,2026-01-12 09:54:21,EAGLE RARE SNGL BARR SELECT (BTB),"209 S Salisbury St, Raleigh, NC 27601",25
Thursday,2026-01-15 08:45:03,E.H. TAYLOR JR. SMALL BATCH,"4215 The Circle at North Hills Rd, Raleigh, NC 27609",6
Thursday,2026-01-15 08:45:03,BLANTON'S BOURBON,"2645 Appliance Ct., Raleigh, NC 27604",6
Thursday,2026-01-15 08:45:03,BLANTON'S BOURBON,"4215 The Circle at North Hills Rd, Raleigh, NC 27609",6
Thursday,2026-01-15 08:45:03,EAGLE RARE 10Y,"2645 Appliance Ct., Raleigh, NC 27604",24
Thursday,2026-01-15 08:45:03,EAGLE RARE 10Y,"6301 Town Center Dr., Raleigh, NC 27614",4
Thursday,2026-01-15 08:45:03,EAGLE RARE 10Y,"4215 The Circle at North Hills Rd, Raleigh, NC 27609",24
Thursday,2026-01-15 08:45:03,ELMER T LEE SINGLE BARREL,"4215 The Circle at North Hills Rd, Raleigh, NC 27609",12
Thursday,2026-01-15 08:45:03,BUFFALO TRACE BOURBON WHISKEY,"2645 Appliance Ct., Raleigh, NC 27604",36
Thursday,2026-01-15 08:45:03,BUFFALO TRACE BOURBON WHISKEY,"6301 Town Center Dr., Raleigh, NC 27614",3
Thursday,2026-01-15 08:45:03,BUFFALO TRACE BOURBON WHISKEY,"4215 The Circle at North Hills Rd, Raleigh, NC 27609",36
Friday,2026-01-16 08:37:12,E.H. TAYLOR JR. SMALL BATCH,"420 Woodburn Rd., Raleigh, NC 27605",6
Friday,2026-01-16 08:37:12,BLANTON'S BOURBON,"3320 Olympia Dr., Raleigh, NC 27603",6
Friday,2026-01-16 08:37:12,BLANTON'S BOURBON,"420 Woodburn Rd., Raleigh, NC 27605",6
Friday,2026-01-16 08:37:12,EAGLE RARE 10Y,"3320 Olympia Dr., Raleigh, NC 27603",24
Friday,2026-01-16 08:37:12,EAGLE RARE 10Y,"420 Woodburn Rd., Raleigh, NC 27605",24
Friday,2026-01-16 08:37:12,ELMER T LEE SINGLE BARREL,"420 Woodburn Rd., Raleigh, NC 27605",12
Friday,2026-01-16 08:37:12,BUFFALO TRACE BOURBON WHISKEY,"3320 Olympia Dr., Raleigh, NC 27603",36
Friday,2026-01-16 08:37:12,BUFFALO TRACE BOURBON WHISKEY,"420 Woodburn Rd., Raleigh, NC 27605",36
Tuesday,2026-01-20 08:47:42,BLANTON'S BOURBON,"7911 ACC Blvd., Raleigh, NC 27617",6
Tuesday,2026-01-20 08:47:42,BLANTON'S BOURBON,"1222 New Bern Ave., Raleigh, NC 27401",6
Tuesday,2026-01-20 08:47:42,EAGLE RARE 10Y,"7911 ACC Blvd., Raleigh, NC 27617",24
Tuesday,2026-01-20 08:47:42,EAGLE RARE 10Y,"1222 New Bern Ave., Raleigh, NC 27401",24
Tuesday,2026-01-20 08:47:42,1792 FULL PROOF BARR SEL (BTB),"7200 Sandy Fork Rd., Raleigh, NC 27609",12
Tuesday,2026-01-20 08:47:42,1792 FULL PROOF BARR SEL (BTB),"2645 Appliance Ct., Raleigh, NC 27604",12
Tuesday,2026-01-20 08:47:42,1792 FULL PROOF BARR SEL (BTB),"6301 Town Center Dr., Raleigh, NC 27614",12
Tuesday,2026-01-20 08:47:42,1792 FULL PROOF BARR SEL (BTB),"6494 Tryon Rd., Cary, NC 27511",12
Tuesday,2026-01-20 08:47:42,BUFFALO TRACE BOURBON WHISKEY,"7911 ACC Blvd., Raleigh, NC 27617",36
Tuesday,2026-01-20 08:47:42,BUFFALO TRACE BOURBON WHISKEY,"1222 New Bern Ave., Raleigh, NC 27401",36
Tuesday,2026-01-20 08:47:42,E.H. TAYLOR JR. SMALL BATCH,"7200 Sandy Fork Rd., Raleigh, NC 27609",4
Wednesday,2026-01-21 08:49:14,E.H. TAYLOR JR. SMALL BATCH,"100 Village Walk Dr., Holly Springs, NC 27540",6
Tuesday,2026-01-20 08:47:42,BLANTON'S BOURBON,"7200 Sandy Fork Rd., Raleigh, NC 27609",4
Wednesday,2026-01-21 08:49:14,BLANTON'S BOURBON,"100 Village Walk Dr., Holly Springs, NC 27540",4
Wednesday,2026-01-21 08:49:14,BLANTON'S BOURBON,"2109-106 Avent Ferry Rd., Raleigh, NC 27606",6
Tuesday,2026-01-20 08:47:42,EAGLE RARE 10Y,"7200 Sandy Fork Rd., Raleigh, NC 27609",19
Wednesday,2026-01-21 08:49:14,EAGLE RARE 10Y,"100 Village Walk Dr., Holly Springs, NC 27540",21
Wednesday,2026-01-21 08:49:14,EAGLE RARE 10Y,"2109-106 Avent Ferry Rd., Raleigh, NC 27606",24
Tuesday,2026-01-20 08:47:42,ELMER T LEE SINGLE BARREL,"7200 Sandy Fork Rd., Raleigh, NC 27609",8
Wednesday,2026-01-21 08:49:14,ELMER T LEE SINGLE BARREL,"100 Village Walk Dr., Holly Springs, NC 27540",12
Wednesday,2026-01-21 08:49:14,1792 FULL PROOF BARR SEL (BTB),"200 New Rand Road, Garner, NC 27529",12
Wednesday,2026-01-21 08:49:14,1792 FULL PROOF BARR SEL (BTB),"1601-61 Cross Link Rd., Raleigh, NC 27610",12
Wednesday,2026-01-21 08:49:14,1792 FULL PROOF BARR SEL (BTB),"1415 E. Williams St., Apex, NC 27617",12
Wednesday,2026-01-21 08:49:14,1792 FULL PROOF BARR SEL (BTB),"209 S Salisbury St, Raleigh, NC 27601",11
Tuesday,2026-01-20 08:47:42,BUFFALO TRACE BOURBON WHISKEY,"7200 Sandy Fork Rd., Raleigh, NC 27609",36
Wednesday,2026-01-21 08:49:14,BUFFALO TRACE BOURBON WHISKEY,"100 Village Walk Dr., Holly Springs, NC 27540",36
Wednesday,2026-01-21 08:49:14,BUFFALO TRACE BOURBON WHISKEY,"2109-106 Avent Ferry Rd., Raleigh, NC 27606",36
Thursday,2026-01-22 08:45:14,BLANTON'S BOURBON,"4501 Vineyard Pine Ln., Rolesville, NC 27571",6
Tuesday,2026-01-20 08:47:42,EAGLE RARE 10Y,"6301 Town Center Dr., Raleigh, NC 27614",5
Thursday,2026-01-22 08:45:14,EAGLE RARE 10Y,"4501 Vineyard Pine Ln., Rolesville, NC 27571",24
Thursday,2026-01-22 08:45:14,BUFFALO TRACE BOURBON WHISKEY,"4501 Vineyard Pine Ln., Rolesville, NC 27571",36
Friday,2026-01-23 09:29:31,E.H. TAYLOR JR. SMALL BATCH,"200 New Rand Road, Garner, NC 27529",6
Friday,2026-01-23 09:29:31,BLANTON'S BOURBON,"665 Cary Towne Blvd., Cary, NC 27511",6
Friday,2026-01-23 09:29:31,BLANTON'S BOURBON,"200 New Rand Road, Garner, NC 27529",6
Friday,2026-01-23 09:29:31,BLANTON'S BOURBON,"6494 Tryon Rd., Cary, NC 27511",6
Friday,2026-01-23 09:29:31,BLANTON'S BOURBON,"1415 E. Williams St., Apex, NC 27617",6
Friday,2026-01-23 09:29:31,EAGLE RARE 10Y,"665 Cary Towne Blvd., Cary, NC 27511",23
Friday,2026-01-23 09:29:31,EAGLE RARE 10Y,"200 New Rand Road, Garner, NC 27529",18
Friday,2026-01-23 09:29:31,EAGLE RARE 10Y,"6494 Tryon Rd., Cary, NC 27511",24
Friday,2026-01-23 09:29:31,EAGLE RARE 10Y,"1415 E. Williams St., Apex, NC 27617",24
Friday,2026-01-23 09:29:31,ELMER T LEE SINGLE BARREL,"200 New Rand Road, Garner, NC 27529",12
Friday,2026-01-23 09:29:31,ELMER T LEE SINGLE BARREL,"209 S Salisbury St, Raleigh, NC 27601",12
Friday,2026-01-23 09:29:31,BUFFALO TRACE BOURBON WHISKEY,"665 Cary Towne Blvd., Cary, NC 27511",36
Friday,2026-01-23 09:29:31,BUFFALO TRACE BOURBON WHISKEY,"200 New Rand Road, Garner, NC 27529",36
Friday,2026-01-23 09:29:31,BUFFALO TRACE BOURBON WHISKEY,"6494 Tryon Rd., Cary, NC 27511",36
Friday,2026-01-23 09:29:31,BUFFALO TRACE BOURBON WHISKEY,"1415 E. Williams St., Apex, NC 27617",36
Friday,2026-01-23 09:29:31,BUFFALO TRACE BOURBON WHISKEY,"209 S Salisbury St, Raleigh, NC 27601",36
Monday,2026-01-26 08:49:43,1792 FULL PROOF BARR SEL (BTB),"2109-106 Avent Ferry Rd., Raleigh, NC 27606",12
Friday,2026-02-13 13:38:26,E.H. TAYLOR JR. SMALL BATCH,"7200 Sandy Fork Rd., Raleigh, NC 27609",4
Friday,2026-02-13 13:38:26,E.H. TAYLOR JR. SMALL BATCH,"11360 Capital Blvd., Wake Forest, NC 27587",6
Friday,2026-02-13 13:38:26,BLANTON'S BOURBON,"7200 Sandy Fork Rd., Raleigh, NC 27609",4
Friday,2026-02-13 13:38:26,BLANTON'S BOURBON,"11360 Capital Blvd., Wake Forest, NC 27587",6
Friday,2026-02-13 13:38:26,EAGLE RARE 10Y,"7200 Sandy Fork Rd., Raleigh, NC 27609",14
Friday,2026-02-13 13:38:26,ELIJAH CRAIG 18Y,"7200 Sandy Fork Rd., Raleigh, NC 27609",5
Friday,2026-02-13 13:38:26,ELIJAH CRAIG 18Y,"11360 Capital Blvd., Wake Forest, NC 27587",6
Friday,2026-02-13 13:38:26,BUFFALO TRACE BOURBON WHISKEY,"7200 Sandy Fork Rd., Raleigh, NC 27609",36
Friday,2026-02-13 13:38:26,BUFFALO TRACE BOURBON WHISKEY,"11360 Capital Blvd., Wake Forest, NC 27587",36
Monday,2026-02-16 09:49:32,JACK DANIEL'S SINGLE BARREL HERITAGE,"6809 Davis Circle, Raleigh, NC 27612",6
Wednesday,2026-02-18 09:51:03,JACK DANIEL'S SINGLE BARREL HERITAGE,"7911 ACC Blvd., Raleigh, NC 27617",6
Thursday,2026-02-19 09:05:56,PENELOPE COOPER SERIES HAVANA,"2645 Appliance Ct., Raleigh, NC 27604",6
Thursday,2026-02-19 09:05:56,PENELOPE COOPER SERIES HAVANA,"665 Cary Towne Blvd., Cary, NC 27511",6
Thursday,2026-02-19 09:05:56,PENELOPE COOPER SERIES HAVANA,"420 Woodburn Rd., Raleigh, NC 27605",6
Thursday,2026-02-19 09:05:56,E.H. TAYLOR JR. SMALL BATCH,"420 Woodburn Rd., Raleigh, NC 27605",6
Thursday,2026-02-19 09:05:56,BLANTON'S BOURBON,"2645 Appliance Ct., Raleigh, NC 27604",6
Thursday,2026-02-19 09:05:56,BLANTON'S BOURBON,"665 Cary Towne Blvd., Cary, NC 27511",6
Thursday,2026-02-19 09:05:56,BLANTON'S BOURBON,"420 Woodburn Rd., Raleigh, NC 27605",6
Thursday,2026-02-19 09:05:56,EAGLE RARE 10Y,"2645 Appliance Ct., Raleigh, NC 27604",18
Thursday,2026-02-19 09:05:56,EAGLE RARE 10Y,"665 Cary Towne Blvd., Cary, NC 27511",18
Thursday,2026-02-19 09:05:56,EAGLE RARE 10Y,"420 Woodburn Rd., Raleigh, NC 27605",18
Thursday,2026-02-19 09:05:56,ELIJAH CRAIG 18Y,"2645 Appliance Ct., Raleigh, NC 27604",6
Thursday,2026-02-19 09:05:56,ELIJAH CRAIG 18Y,"665 Cary Towne Blvd., Cary, NC 27511",6
Thursday,2026-02-19 09:05:56,ELIJAH CRAIG 18Y,"420 Woodburn Rd., Raleigh, NC 27605",6
Thursday,2026-02-19 09:05:56,BUFFALO TRACE BOURBON WHISKEY,"2645 Appliance Ct., Raleigh, NC 27604",15
Thursday,2026-02-19 09:05:56,BUFFALO TRACE BOURBON WHISKEY,"665 Cary Towne Blvd., Cary, NC 27511",36
Thursday,2026-02-19 09:05:56,BUFFALO TRACE BOURBON WHISKEY,"420 Woodburn Rd., Raleigh, NC 27605",36
Friday,2026-02-20 12:48:05,BLANTON'S BOURBON,"6494 Tryon Rd., Cary, NC 27511",6
Friday,2026-02-20 12:48:05,BLANTON'S BOURBON,"704 Money Ct., Knightdale, NC 27545",6
Friday,2026-02-20 12:48:05,BLANTON'S BOURBON,"1415 E. Williams St., Apex, NC 27617",6
Friday,2026-02-20 12:48:05,BLANTON'S BOURBON,"1505 Banyon Pl., Wendell, NC 27571",5
Friday,2026-02-20 12:48:05,EAGLE RARE 10Y,"6494 Tryon Rd., Cary, NC 27511",18
Friday,2026-02-20 12:48:05,EAGLE RARE 10Y,"704 Money Ct., Knightdale, NC 27545",18
Friday,2026-02-20 12:48:05,EAGLE RARE 10Y,"1415 E. Williams St., Apex, NC 27617",18
Friday,2026-02-20 12:48:05,EAGLE RARE 10Y,"1505 Banyon Pl., Wendell, NC 27571",18
Friday,2026-02-20 12:48:05,ELIJAH CRAIG 18Y,"6494 Tryon Rd., Cary, NC 27511",6
Friday,2026-02-20 12:48:05,ELIJAH CRAIG 18Y,"704 Money Ct., Knightdale, NC 27545",6
Friday,2026-02-20 12:48:05,ELIJAH CRAIG 18Y,"1415 E. Williams St., Apex, NC 27617",6
Friday,2026-02-20 12:48:05,ELIJAH CRAIG 18Y,"1505 Banyon Pl., Wendell, NC 27571",6
Friday,2026-02-20 12:48:05,BUFFALO TRACE BOURBON WHISKEY,"6494 Tryon Rd., Cary, NC 27511",36
Friday,2026-02-20 12:48:05,BUFFALO TRACE BOURBON WHISKEY,"704 Money Ct., Knightdale, NC 27545",36
Friday,2026-02-20 12:48:05,BUFFALO TRACE BOURBON WHISKEY,"1415 E. Williams St., Apex, NC 27617",36
Friday,2026-02-20 12:48:05,BUFFALO TRACE BOURBON WHISKEY,"1505 Banyon Pl., Wendell, NC 27571",36
Monday,2026-02-23 09:20:18,PENELOPE COOPER SERIES HAVANA,"3320 Olympia Dr., Raleigh, NC 27603",2
Monday,2026-02-23 09:20:18,PENELOPE COOPER SERIES HAVANA,"200 New Rand Road, Garner, NC 27529",2
Monday,2026-02-23 09:20:18,E.H. TAYLOR JR. SMALL BATCH,"200 New Rand Road, Garner, NC 27529",2
Monday,2026-02-23 09:20:18,BLANTON'S BOURBON,"3320 Olympia Dr., Raleigh, NC 27603",2
Monday,2026-02-23 09:20:18,EAGLE RARE 10Y,"3320 Olympia Dr., Raleigh, NC 27603",9
Monday,2026-02-23 09:20:18,ELIJAH CRAIG 18Y,"3320 Olympia Dr., Raleigh, NC 27603",4
Monday,2026-02-23 09:20:18,ELIJAH CRAIG 18Y,"200 New Rand Road, Garner, NC 27529",4
Monday,2026-02-23 09:20:18,BUFFALO TRACE BOURBON WHISKEY,"3320 Olympia Dr., Raleigh, NC 27603",28
Monday,2026-02-23 09:20:18,BUFFALO TRACE BOURBON WHISKEY,"200 New Rand Road, Garner, NC 27529",27
Tuesday,2026-02-24 10:20:35,PENELOPE COOPER SERIES HAVANA,"7911 ACC Blvd., Raleigh, NC 27617",6
Tuesday,2026-02-24 10:20:35,BLANTON'S BOURBON,"1601-61 Cross Link Rd., Raleigh, NC 27610",6
Tuesday,2026-02-24 10:20:35,BLANTON'S BOURBON,"7911 ACC Blvd., Raleigh, NC 27617",5
Tuesday,2026-02-24 10:20:35,EAGLE RARE 10Y,"1601-61 Cross Link Rd., Raleigh, NC 27610",18
Tuesday,2026-02-24 10:20:35,EAGLE RARE 10Y,"7911 ACC Blvd., Raleigh, NC 27617",17
Tuesday,2026-02-24 10:20:35,ELIJAH CRAIG 18Y,"1601-61 Cross Link Rd., Raleigh, NC 27610",6
Tuesday,2026-02-24 10:20:35,ELIJAH CRAIG 18Y,"7911 ACC Blvd., Raleigh, NC 27617",4
Tuesday,2026-02-24 10:20:35,BUFFALO TRACE BOURBON WHISKEY,"1601-61 Cross Link Rd., Raleigh, NC 27610",36
Tuesday,2026-02-24 10:20:35,BUFFALO TRACE BOURBON WHISKEY,"7911 ACC Blvd., Raleigh, NC 27617",36
Friday,2026-03-06 14:47:52,PENELOPE COOPER SERIES HAVANA,"3320 Olympia Dr., Raleigh, NC 27603",2
Friday,2026-03-06 14:47:52,PENELOPE COOPER SERIES HAVANA,"200 New Rand Road, Garner, NC 27529",2
Friday,2026-03-06 14:47:52,PENELOPE COOPER SERIES HAVANA,"7911 ACC Blvd., Raleigh, NC 27617",6
Friday,2026-03-06 14:47:52,WOODFORD RESERVE MASTERS COLL. SWEET OAK,"2109-106 Avent Ferry Rd., Raleigh, NC 27606",6
Wednesday,2026-03-18 07:10:26,OLD FORESTER 1924,"7200 Sandy Fork Rd., Raleigh, NC 27609",6
Wednesday,2026-03-18 07:10:26,E.H. TAYLOR JR. SMALL BATCH,"7200 Sandy Fork Rd., Raleigh, NC 27609",6
Wednesday,2026-03-18 07:10:26,BLANTON'S BOURBON,"7200 Sandy Fork Rd., Raleigh, NC 27609",4
Wednesday,2026-03-18 07:10:26,EAGLE RARE 10Y,"7200 Sandy Fork Rd., Raleigh, NC 27609",18
Wednesday,2026-03-18 07:10:26,BUFFALO TRACE BOURBON WHISKEY,"7200 Sandy Fork Rd., Raleigh, NC 27609",36
Thursday,2026-03-19 07:06:47,OLD FORESTER 1924,"7911 ACC Blvd., Raleigh, NC 27617",2
Thursday,2026-03-19 07:06:47,OLD FORESTER 1924,"100 Village Walk Dr., Holly Springs, NC 27540",6
Thursday,2026-03-19 07:06:47,OLD FORESTER 1924,"2109-106 Avent Ferry Rd., Raleigh, NC 27606",6
Thursday,2026-03-19 07:06:47,OLD FORESTER 1924,"1222 New Bern Ave., Raleigh, NC 27401",6
Thursday,2026-03-19 07:06:47,E.H. TAYLOR JR. SMALL BATCH,"100 Village Walk Dr., Holly Springs, NC 27540",5
Thursday,2026-03-19 07:06:47,BLANTON'S BOURBON,"100 Village Walk Dr., Holly Springs, NC 27540",4
Thursday,2026-03-19 07:06:47,BLANTON'S BOURBON,"4009 Davis Dr., Morrisville, NC 27560",2
Thursday,2026-03-19 07:06:47,BLANTON'S BOURBON,"2109-106 Avent Ferry Rd., Raleigh, NC 27606",6
Thursday,2026-03-19 07:06:47,EAGLE RARE 10Y,"100 Village Walk Dr., Holly Springs, NC 27540",23
Thursday,2026-03-19 07:06:47,EAGLE RARE 10Y,"4009 Davis Dr., Morrisville, NC 27560",10
Thursday,2026-03-19 07:06:47,EAGLE RARE 10Y,"2109-106 Avent Ferry Rd., Raleigh, NC 27606",24
Thursday,2026-03-19 07:06:47,EAGLE RARE 10Y,"3615 SW Cary Parkway , Cary, NC 27513",3
Thursday,2026-03-19 07:06:47,EAGLE RARE 10Y,"1222 New Bern Ave., Raleigh, NC 27401",21
Thursday,2026-03-19 07:06:47,ELIJAH CRAIG 18Y,"4009 Davis Dr., Morrisville, NC 27560",3
Thursday,2026-03-19 07:06:47,BUFFALO TRACE BOURBON WHISKEY,"100 Village Walk Dr., Holly Springs, NC 27540",36
Thursday,2026-03-19 07:06:47,BUFFALO TRACE BOURBON WHISKEY,"2109-106 Avent Ferry Rd., Raleigh, NC 27606",36
Thursday,2026-03-19 07:06:47,BUFFALO TRACE BOURBON WHISKEY,"1222 New Bern Ave., Raleigh, NC 27401",31
Friday,2026-03-20 06:55:33,OLD FORESTER 1924,"1793 West Williams St., Apex, NC 27502",2
Friday,2026-03-20 06:55:33,OLD FORESTER 1924,"6494 Tryon Rd., Cary, NC 27511",6
Friday,2026-03-20 06:55:33,OLD FORESTER 1924,"704 Money Ct., Knightdale, NC 27545",6
Friday,2026-03-20 06:55:33,OLD FORESTER 1924,"1415 E. Williams St., Apex, NC 27617",6
Friday,2026-03-20 06:55:33,OLD FORESTER 1924,"4501 Vineyard Pine Ln., Rolesville, NC 27571",3
Friday,2026-03-20 06:55:33,OLD FORESTER 1924,"1420 N Ardendell Dr., Zebulon, NC 27597",6
Friday,2026-03-20 06:55:33,BLANTON'S BOURBON,"6494 Tryon Rd., Cary, NC 27511",6
Friday,2026-03-20 06:55:33,BLANTON'S BOURBON,"704 Money Ct., Knightdale, NC 27545",6
Friday,2026-03-20 06:55:33,BLANTON'S BOURBON,"1415 E. Williams St., Apex, NC 27617",6
Friday,2026-03-20 06:55:33,BLANTON'S BOURBON,"1420 N Ardendell Dr., Zebulon, NC 27597",6
Friday,2026-03-20 06:55:33,EAGLE RARE 10Y,"2645 Appliance Ct., Raleigh, NC 27604",10
Friday,2026-03-20 06:55:33,EAGLE RARE 10Y,"1793 West Williams St., Apex, NC 27502",4
Friday,2026-03-20 06:55:33,EAGLE RARE 10Y,"6301 Town Center Dr., Raleigh, NC 27614",7
Friday,2026-03-20 06:55:33,EAGLE RARE 10Y,"6494 Tryon Rd., Cary, NC 27511",24
Friday,2026-03-20 06:55:33,EAGLE RARE 10Y,"704 Money Ct., Knightdale, NC 27545",24
Friday,2026-03-20 06:55:33,EAGLE RARE 10Y,"1415 E. Williams St., Apex, NC 27617",24
Friday,2026-03-20 06:55:33,EAGLE RARE 10Y,"1420 N Ardendell Dr., Zebulon, NC 27597",24
Friday,2026-03-20 06:55:33,BUFFALO TRACE BOURBON WHISKEY,"2645 Appliance Ct., Raleigh, NC 27604",22
Friday,2026-03-20 06:55:33,BUFFALO TRACE BOURBON WHISKEY,"6301 Town Center Dr., Raleigh, NC 27614",22
Friday,2026-03-20 06:55:33,BUFFALO TRACE BOURBON WHISKEY,"6494 Tryon Rd., Cary, NC 27511",36
Friday,2026-03-20 06:55:33,BUFFALO TRACE BOURBON WHISKEY,"704 Money Ct., Knightdale, NC 27545",36
Friday,2026-03-20 06:55:33,BUFFALO TRACE BOURBON WHISKEY,"1415 E. Williams St., Apex, NC 27617",36
Friday,2026-03-20 06:55:33,BUFFALO TRACE BOURBON WHISKEY,"4501 Vineyard Pine Ln., Rolesville, NC 27571",6
Friday,2026-03-20 06:55:33,BUFFALO TRACE BOURBON WHISKEY,"1420 N Ardendell Dr., Zebulon, NC 27597",36
Monday,2026-03-23 07:17:25,EAGLE RARE 10Y,"6301 Town Center Dr., Raleigh, NC 27614",5
Thursday,2026-04-02 07:12:02,OLD FORESTER 1924,"1601-61 Cross Link Rd., Raleigh, NC 27610",6
Thursday,2026-04-02 07:12:02,OLD FORESTER 1924,"7911 ACC Blvd., Raleigh, NC 27617",12
Wednesday,2026-04-01 07:12:02,OLD FORESTER 1924,"2109-106 Avent Ferry Rd., Raleigh, NC 27606",6
Thursday,2026-04-02 07:12:02,EAGLE RARE 10Y,"1505 Banyon Pl., Wendell, NC 27571",5
Thursday,2026-04-02 07:12:02,1792 FULL PROOF BARR SEL (BTB),"1601-61 Cross Link Rd., Raleigh, NC 27610",2
Wednesday,2026-04-01 07:12:02,1792 FULL PROOF BARR SEL (BTB),"2109-106 Avent Ferry Rd., Raleigh, NC 27606",2
Thursday,2026-04-02 07:12:02,BUFFALO TRACE BOURBON WHISKEY,"200 New Rand Road, Garner, NC 27529",12
Friday,2026-04-03 07:02:16,OLD FORESTER 1924,"100 Village Walk Dr., Holly Springs, NC 27540",12
Tuesday,2026-04-07 12:46:31,OLD FORESTER 1924,"2645 Appliance Ct., Raleigh, NC 27604",12
Tuesday,2026-04-07 12:46:31,OLD FORESTER 1924,"6301 Town Center Dr., Raleigh, NC 27614",12
Friday,2026-04-10 07:05:07,OLD FORESTER 1924,"420 Woodburn Rd., Raleigh, NC 27605",12
Monday,2026-04-13 07:39:17,PENELOPE COOPER SERIES HAVANA,"6494 Tryon Rd., Cary, NC 27511",6
Monday,2026-04-13 07:39:17,OLD FORESTER 1924,"6494 Tryon Rd., Cary, NC 27511",12
Monday,2026-04-13 07:39:17,OLD FORESTER 1924,"2109-106 Avent Ferry Rd., Raleigh, NC 27606",6
Tuesday,2026-04-14 07:36:56,OLD FORESTER SINGLE BARREL (BTB),"1505 Banyon Pl., Wendell, NC 27571",228
Tuesday,2026-04-14 07:36:56,OLD FORESTER 1924,"1415 E. Williams St., Apex, NC 27617",12
Wednesday,2026-04-15 07:39:48,OLD FITZGERALD 7Y BIB,"2109-106 Avent Ferry Rd., Raleigh, NC 27606",6
Wednesday,2026-04-15 07:39:48,E.H. TAYLOR STRGT RYE WHIS,"2109-106 Avent Ferry Rd., Raleigh, NC 27606",6
Wednesday,2026-04-15 07:39:48,BLANTON'S BOURBON,"2109-106 Avent Ferry Rd., Raleigh, NC 27606",6
Wednesday,2026-04-15 07:39:48,EAGLE RARE 10Y,"2109-106 Avent Ferry Rd., Raleigh, NC 27606",24
Wednesday,2026-04-15 07:39:48,JACK DANIEL'S SINGLE BARREL HERITAGE,"3615 SW Cary Parkway , Cary, NC 27513",30
Wednesday,2026-04-15 07:39:48,BUFFALO TRACE BOURBON WHISKEY,"2109-106 Avent Ferry Rd., Raleigh, NC 27606",36
Thursday,2026-04-16 07:32:30,OLD FITZGERALD 7Y BIB,"7200 Sandy Fork Rd., Raleigh, NC 27609",3
Thursday,2026-04-16 07:32:30,OLD FITZGERALD 7Y BIB,"2645 Appliance Ct., Raleigh, NC 27604",6
Thursday,2026-04-16 07:32:30,OLD FITZGERALD 7Y BIB,"11360 Capital Blvd., Wake Forest, NC 27587",12
Thursday,2026-04-16 07:32:30,OLD FITZGERALD 7Y BIB,"6301 Town Center Dr., Raleigh, NC 27614",6
Thursday,2026-04-16 07:32:30,OLD FITZGERALD 7Y BIB,"1222 New Bern Ave., Raleigh, NC 27401",6
Thursday,2026-04-16 07:32:30,E.H. TAYLOR SINGLE BARREL BOUR,"11360 Capital Blvd., Wake Forest, NC 27587",5
Thursday,2026-04-16 07:32:30,E.H. TAYLOR STRGT RYE WHIS,"2645 Appliance Ct., Raleigh, NC 27604",6
Thursday,2026-04-16 07:32:30,E.H. TAYLOR STRGT RYE WHIS,"11360 Capital Blvd., Wake Forest, NC 27587",5
Thursday,2026-04-16 07:32:30,E.H. TAYLOR STRGT RYE WHIS,"6301 Town Center Dr., Raleigh, NC 27614",6
Thursday,2026-04-16 07:32:30,E.H. TAYLOR STRGT RYE WHIS,"1222 New Bern Ave., Raleigh, NC 27401",6
Thursday,2026-04-16 07:32:30,E.H. TAYLOR JR. BARREL PROOF,"11360 Capital Blvd., Wake Forest, NC 27587",4
Thursday,2026-04-16 07:32:30,BLANTON'S BOURBON,"2645 Appliance Ct., Raleigh, NC 27604",6
Thursday,2026-04-16 07:32:30,BLANTON'S BOURBON,"11360 Capital Blvd., Wake Forest, NC 27587",5
Thursday,2026-04-16 07:32:30,BLANTON'S BOURBON,"6301 Town Center Dr., Raleigh, NC 27614",4
Thursday,2026-04-16 07:32:30,BLANTON'S BOURBON,"1222 New Bern Ave., Raleigh, NC 27401",6
Thursday,2026-04-16 07:32:30,EAGLE RARE 10Y,"2645 Appliance Ct., Raleigh, NC 27604",24
Thursday,2026-04-16 07:32:30,EAGLE RARE 10Y,"11360 Capital Blvd., Wake Forest, NC 27587",23
Thursday,2026-04-16 07:32:30,EAGLE RARE 10Y,"6301 Town Center Dr., Raleigh, NC 27614",24
Thursday,2026-04-16 07:32:30,EAGLE RARE 10Y,"1222 New Bern Ave., Raleigh, NC 27401",24
Thursday,2026-04-16 07:32:30,BUFFALO TRACE BOURBON WHISKEY,"7200 Sandy Fork Rd., Raleigh, NC 27609",14
Thursday,2026-04-16 07:32:30,BUFFALO TRACE BOURBON WHISKEY,"2645 Appliance Ct., Raleigh, NC 27604",36
Thursday,2026-04-16 07:32:30,BUFFALO TRACE BOURBON WHISKEY,"11360 Capital Blvd., Wake Forest, NC 27587",48
Thursday,2026-04-16 07:32:30,BUFFALO TRACE BOURBON WHISKEY,"6301 Town Center Dr., Raleigh, NC 27614",36
Thursday,2026-04-16 07:32:30,BUFFALO TRACE BOURBON WHISKEY,"1222 New Bern Ave., Raleigh, NC 27401",36
Friday,2026-04-17 07:09:36,OLD FITZGERALD 7Y BIB,"1415 E. Williams St., Apex, NC 27617",6
Friday,2026-04-17 07:09:36,OLD FITZGERALD 7Y BIB,"4215 The Circle at North Hills Rd, Raleigh, NC 27609",12
Friday,2026-04-17 07:09:36,E.H. TAYLOR SINGLE BARREL BOUR,"4215 The Circle at North Hills Rd, Raleigh, NC 27609",6
Friday,2026-04-17 07:09:36,E.H. TAYLOR STRGT RYE WHIS,"1415 E. Williams St., Apex, NC 27617",6
Friday,2026-04-17 07:09:36,E.H. TAYLOR STRGT RYE WHIS,"4215 The Circle at North Hills Rd, Raleigh, NC 27609",6
Friday,2026-04-17 07:09:36,E.H. TAYLOR JR. BARREL PROOF,"4215 The Circle at North Hills Rd, Raleigh, NC 27609",6
Friday,2026-04-17 07:09:36,BLANTON'S BOURBON,"1415 E. Williams St., Apex, NC 27617",6
Friday,2026-04-17 07:09:36,BLANTON'S BOURBON,"4215 The Circle at North Hills Rd, Raleigh, NC 27609",6
Friday,2026-04-17 07:09:36,EAGLE RARE 10Y,"1415 E. Williams St., Apex, NC 27617",24
Friday,2026-04-17 07:09:36,EAGLE RARE 10Y,"4215 The Circle at North Hills Rd, Raleigh, NC 27609",24
Friday,2026-04-17 07:09:36,BUFFALO TRACE BOURBON WHISKEY,"1415 E. Williams St., Apex, NC 27617",36
Friday,2026-04-17 07:09:36,BUFFALO TRACE BOURBON WHISKEY,"4215 The Circle at North Hills Rd, Raleigh, NC 27609",48
Monday,2026-04-20 06:56:38,OLD FITZGERALD 7Y BIB,"200 New Rand Road, Garner, NC 27529",6
Monday,2026-04-20 06:56:38,E.H. TAYLOR SINGLE BARREL BOUR,"200 New Rand Road, Garner, NC 27529",6
Monday,2026-04-20 06:56:38,E.H. TAYLOR STRGT RYE WHIS,"200 New Rand Road, Garner, NC 27529",6
Monday,2026-04-20 06:56:38,E.H. TAYLOR JR. BARREL PROOF,"200 New Rand Road, Garner, NC 27529",6
Monday,2026-04-20 06:56:38,BLANTON'S BOURBON,"200 New Rand Road, Garner, NC 27529",6
Monday,2026-04-20 06:56:38,EAGLE RARE 10Y,"200 New Rand Road, Garner, NC 27529",24
Monday,2026-04-20 06:56:38,BUFFALO TRACE BOURBON WHISKEY,"200 New Rand Road, Garner, NC 27529",36
Tuesday,2026-04-21 06:55:25,OLD FITZGERALD 7Y BIB,"7911 ACC Blvd., Raleigh, NC 27617",5
Tuesday,2026-04-21 06:55:25,E.H. TAYLOR STRGT RYE WHIS,"7911 ACC Blvd., Raleigh, NC 27617",6
Tuesday,2026-04-21 06:55:25,BLANTON'S BOURBON,"7911 ACC Blvd., Raleigh, NC 27617",4
Tuesday,2026-04-21 06:55:25,EAGLE RARE 10Y,"7911 ACC Blvd., Raleigh, NC 27617",20
Tuesday,2026-04-21 06:55:25,BUFFALO TRACE BOURBON WHISKEY,"7911 ACC Blvd., Raleigh, NC 27617",36
Wednesday,2026-04-22 06:59:06,OLD FORESTER 1924,"6809 Davis Circle, Raleigh, NC 27612",12
Wednesday,2026-04-22 06:59:06,OLD FITZGERALD 7Y BIB,"1940 Cinema Dr., Fuquay Varina, NC 27526",5
Wednesday,2026-04-22 06:59:06,OLD FITZGERALD 7Y BIB,"1601-61 Cross Link Rd., Raleigh, NC 27610",4
Wednesday,2026-04-22 06:59:06,OLD FITZGERALD 7Y BIB,"100 Village Walk Dr., Holly Springs, NC 27540",6
Wednesday,2026-04-22 06:59:06,E.H. TAYLOR SINGLE BARREL BOUR,"1940 Cinema Dr., Fuquay Varina, NC 27526",5
Wednesday,2026-04-22 06:59:06,E.H. TAYLOR STRGT RYE WHIS,"1940 Cinema Dr., Fuquay Varina, NC 27526",6
Wednesday,2026-04-22 06:59:06,E.H. TAYLOR STRGT RYE WHIS,"100 Village Walk Dr., Holly Springs, NC 27540",6
Wednesday,2026-04-22 06:59:06,E.H. TAYLOR JR. BARREL PROOF,"1940 Cinema Dr., Fuquay Varina, NC 27526",6
Wednesday,2026-04-22 06:59:06,BLANTON'S BOURBON,"1940 Cinema Dr., Fuquay Varina, NC 27526",6
Wednesday,2026-04-22 06:59:06,BLANTON'S BOURBON,"100 Village Walk Dr., Holly Springs, NC 27540",4
Wednesday,2026-04-22 06:59:06,EAGLE RARE 10Y,"1940 Cinema Dr., Fuquay Varina, NC 27526",23
Wednesday,2026-04-22 06:59:06,EAGLE RARE 10Y,"1601-61 Cross Link Rd., Raleigh, NC 27610",23
Wednesday,2026-04-22 06:59:06,EAGLE RARE 10Y,"100 Village Walk Dr, Holly Springs, NC 27540",24
Wednesday,2026-04-22 06:59:06,BUFFALO TRACE BOURBON WHISKEY,"1940 Cinema Dr., Fuquay Varina, NC 27526",36
Wednesday,2026-04-22 06:59:06,BUFFALO TRACE BOURBON WHISKEY,"1601-61 Cross Link Rd., Raleigh, NC 27610",33
Wednesday,2026-04-22 06:59:06,BUFFALO TRACE BOURBON WHISKEY,"100 Village Walk Dr., Holly Springs, NC 27540",36
Thursday,2026-04-23 06:57:43,OLD FITZGERALD 7Y BIB,"4501 Vineyard Pine Ln., Rolesville, NC 27571",6
Thursday,2026-04-23 06:57:43,E.H. TAYLOR STRGT RYE WHIS,"4501 Vineyard Pine Ln., Rolesville, NC 27571",6
Thursday,2026-04-23 06:57:43,BLANTON'S BOURBON,"4501 Vineyard Pine Ln., Rolesville, NC 27571",6
Thursday,2026-04-23 06:57:43,EAGLE RARE 10Y,"4501 Vineyard Pine Ln., Rolesville, NC 27571",24
Thursday,2026-04-23 06:57:43,BUFFALO TRACE BOURBON WHISKEY,"4501 Vineyard Pine Ln., Rolesville, NC 27571",36
Friday,2026-04-24 06:49:10,OLD FITZGERALD 7Y BIB,"665 Cary Towne Blvd., Cary, NC 27511",6
Friday,2026-04-24 06:49:10,OLD FITZGERALD 7Y BIB,"1505 Banyon Pl., Wendell, NC 27571",5
Friday,2026-04-24 06:49:10,OLD FITZGERALD 7Y BIB,"4009 Davis Dr., Morrisville, NC 27560",6
Friday,2026-04-24 06:49:10,OLD FITZGERALD 7Y BIB,"1420 N Ardendell Dr., Zebulon, NC 27597",6
Wednesday,2026-04-22 06:59:06,OLD FITZGERALD 7Y BIB,"6809 Davis Circle, Raleigh, NC 27612",6
Friday,2026-04-24 06:49:10,OLD FITZGERALD 7Y BIB,"420 Woodburn Rd., Raleigh, NC 27605",12
Friday,2026-04-24 06:49:10,E.H. TAYLOR SINGLE BARREL BOUR,"665 Cary Towne Blvd., Cary, NC 27511",6
Wednesday,2026-04-22 06:59:06,E.H. TAYLOR SINGLE BARREL BOUR,"6809 Davis Circle, Raleigh, NC 27612",6
Friday,2026-04-24 06:49:10,E.H. TAYLOR SINGLE BARREL BOUR,"420 Woodburn Rd., Raleigh, NC 27605",6
Friday,2026-04-24 06:49:10,E.H. TAYLOR STRGT RYE WHIS,"665 Cary Towne Blvd., Cary, NC 27511",6
Friday,2026-04-24 06:49:10,E.H. TAYLOR STRGT RYE WHIS,"1505 Banyon Pl., Wendell, NC 27571",6
Friday,2026-04-24 06:49:10,E.H. TAYLOR STRGT RYE WHIS,"4009 Davis Dr., Morrisville, NC 27560",6
Friday,2026-04-24 06:49:10,E.H. TAYLOR STRGT RYE WHIS,"1420 N Ardendell Dr., Zebulon, NC 27597",6
Wednesday,2026-04-22 06:59:06,E.H. TAYLOR STRGT RYE WHIS,"6809 Davis Circle, Raleigh, NC 27612",6
Friday,2026-04-24 06:49:10,E.H. TAYLOR STRGT RYE WHIS,"420 Woodburn Rd., Raleigh, NC 27605",6
Friday,2026-04-24 06:49:10,E.H. TAYLOR JR. BARREL PROOF,"665 Cary Towne Blvd., Cary, NC 27511",6
Wednesday,2026-04-22 06:59:06,E.H. TAYLOR JR. BARREL PROOF,"6809 Davis Circle, Raleigh, NC 27612",6
Friday,2026-04-24 06:49:10,E.H. TAYLOR JR. BARREL PROOF,"420 Woodburn Rd., Raleigh, NC 27605",6
Friday,2026-04-24 06:49:10,BLANTON'S BOURBON,"665 Cary Towne Blvd., Cary, NC 27511",6
Friday,2026-04-24 06:49:10,BLANTON'S BOURBON,"1505 Banyon Pl., Wendell, NC 27571",6
Friday,2026-04-24 06:49:10,BLANTON'S BOURBON,"4009 Davis Dr., Morrisville, NC 27560",6
Friday,2026-04-24 06:49:10,BLANTON'S BOURBON,"1420 N Ardendell Dr., Zebulon, NC 27597",6
Wednesday,2026-04-22 06:59:06,BLANTON'S BOURBON,"6809 Davis Circle, Raleigh, NC 27612",6
Friday,2026-04-24 06:49:10,BLANTON'S BOURBON,"420 Woodburn Rd., Raleigh, NC 27605",6
Friday,2026-04-24 06:49:10,EAGLE RARE 10Y,"665 Cary Towne Blvd., Cary, NC 27511",24
Friday,2026-04-24 06:49:10,EAGLE RARE 10Y,"1505 Banyon Pl., Wendell, NC 27571",24
Friday,2026-04-24 06:49:10,EAGLE RARE 10Y,"4009 Davis Dr., Morrisville, NC 27560",24
Friday,2026-04-24 06:49:10,EAGLE RARE 10Y,"1420 N Ardendell Dr., Zebulon, NC 27597",24
Wednesday,2026-04-22 06:59:06,EAGLE RARE 10Y,"6809 Davis Circle, Raleigh, NC 27612",24
Friday,2026-04-24 06:49:10,EAGLE RARE 10Y,"420 Woodburn Rd., Raleigh, NC 27605",24
Friday,2026-04-24 06:49:10,BUFFALO TRACE BOURBON WHISKEY,"665 Cary Towne Blvd., Cary, NC 27511",36
Friday,2026-04-24 06:49:10,BUFFALO TRACE BOURBON WHISKEY,"1505 Banyon Pl., Wendell, NC 27571",36
Friday,2026-04-24 06:49:10,BUFFALO TRACE BOURBON WHISKEY,"4009 Davis Dr., Morrisville, NC 27560",36
Friday,2026-04-24 06:49:10,BUFFALO TRACE BOURBON WHISKEY,"1420 N Ardendell Dr., Zebulon, NC 27597",36
Wednesday,2026-04-22 06:59:06,BUFFALO TRACE BOURBON WHISKEY,"6809 Davis Circle, Raleigh, NC 27612",36
Friday,2026-04-24 06:49:10,BUFFALO TRACE BOURBON WHISKEY,"420 Woodburn Rd., Raleigh, NC 27605",48
Monday,2026-04-27 07:15:20,OLD FORESTER SINGLE BARREL (BTB),"6301 Town Center Dr., Raleigh, NC 27614",12
Monday,2026-04-27 07:15:20,OLD FORESTER SINGLE BARREL (BTB),"100 Village Walk Dr., Holly Springs, NC 27540",12
Monday,2026-04-27 07:15:20,OLD FORESTER SINGLE BARREL (BTB),"2109-106 Avent Ferry Rd., Raleigh, NC 27606",12
Monday,2026-04-27 07:15:20,OLD FORESTER 1924,"2109-106 Avent Ferry Rd., Raleigh, NC 27606",6
Friday,2026-05-01 06:50:51,OLD FITZGERALD 7Y BIB,"3320 Olympia Dr., Raleigh, NC 27603",6
Friday,2026-05-01 06:50:51,OLD FITZGERALD 7Y BIB,"6494 Tryon Rd., Cary, NC 27511",6
Friday,2026-05-01 06:50:51,E.H. TAYLOR STRGT RYE WHIS,"3320 Olympia Dr., Raleigh, NC 27603",3
Friday,2026-05-01 06:50:51,E.H. TAYLOR STRGT RYE WHIS,"6494 Tryon Rd., Cary, NC 27511",6
Friday,2026-05-01 06:50:51,BLANTON'S BOURBON,"6494 Tryon Rd., Cary, NC 27511",6
Friday,2026-05-01 06:50:51,EAGLE RARE 10Y,"3320 Olympia Dr., Raleigh, NC 27603",22
Friday,2026-05-01 06:50:51,EAGLE RARE 10Y,"6494 Tryon Rd., Cary, NC 27511",24
Friday,2026-05-01 06:50:51,BUFFALO TRACE BOURBON WHISKEY,"3320 Olympia Dr., Raleigh, NC 27603",33
Friday,2026-05-01 06:50:51,BUFFALO TRACE BOURBON WHISKEY,"6494 Tryon Rd., Cary, NC 27511",36
Monday,2026-05-04 07:04:33,OLD FORESTER SINGLE BARREL (BTB),"420 Woodburn Rd., Raleigh, NC 27605",12
Monday,2026-05-04 07:04:33,OLD FORESTER 1924,"2109-106 Avent Ferry Rd., Raleigh, NC 27606",6
Wednesday,2026-05-06 07:19:03,OLD FORESTER SINGLE BARREL (BTB),"1940 Cinema Dr., Fuquay Varina, NC 27526",12
Wednesday,2026-05-06 07:19:03,OLD FITZGERALD 7Y BIB,"1793 West Williams St., Apex, NC 27502",6
Wednesday,2026-05-06 07:19:03,OLD FITZGERALD 7Y BIB,"7336 Creedmoor Rd., Raleigh, NC 27613",6
Wednesday,2026-05-06 07:19:03,OLD FITZGERALD 7Y BIB,"704 Money Ct., Knightdale, NC 27545",6
Wednesday,2026-05-06 07:19:03,OLD FITZGERALD 7Y BIB,"3615 SW Cary Parkway , Cary, NC 27513",6
Wednesday,2026-05-06 07:19:03,E.H. TAYLOR SINGLE BARREL BOUR,"7336 Creedmoor Rd., Raleigh, NC 27613",6
Wednesday,2026-05-06 07:19:03,E.H. TAYLOR SINGLE BARREL BOUR,"3615 SW Cary Parkway , Cary, NC 27513",6
Wednesday,2026-05-06 07:19:03,E.H. TAYLOR STRGT RYE WHIS,"1793 West Williams St., Apex, NC 27502",6
Wednesday,2026-05-06 07:19:03,E.H. TAYLOR STRGT RYE WHIS,"7336 Creedmoor Rd., Raleigh, NC 27613",6
Wednesday,2026-05-06 07:19:03,E.H. TAYLOR STRGT RYE WHIS,"704 Money Ct., Knightdale, NC 27545",6
Wednesday,2026-05-06 07:19:03,E.H. TAYLOR STRGT RYE WHIS,"3615 SW Cary Parkway , Cary, NC 27513",6
Wednesday,2026-05-06 07:19:03,E.H. TAYLOR JR. BARREL PROOF,"7336 Creedmoor Rd., Raleigh, NC 27613",6
Wednesday,2026-05-06 07:19:03,E.H. TAYLOR JR. BARREL PROOF,"3615 SW Cary Parkway , Cary, NC 27513",6
Wednesday,2026-05-06 07:19:03,BLANTON'S BOURBON,"1793 West Williams St., Apex, NC 27502",6
Wednesday,2026-05-06 07:19:03,BLANTON'S BOURBON,"7336 Creedmoor Rd., Raleigh, NC 27613",6
Wednesday,2026-05-06 07:19:03,BLANTON'S BOURBON,"704 Money Ct., Knightdale, NC 27545",6
Wednesday,2026-05-06 07:19:03,BLANTON'S BOURBON,"3615 SW Cary Parkway , Cary, NC 27513",6
Wednesday,2026-05-06 07:19:03,EAGLE RARE 10Y,"1793 West Williams St., Apex, NC 27502",23
Wednesday,2026-05-06 07:19:03,EAGLE RARE 10Y,"7336 Creedmoor Rd., Raleigh, NC 27613",24
Wednesday,2026-05-06 07:19:03,EAGLE RARE 10Y,"704 Money Ct., Knightdale, NC 27545",24
Wednesday,2026-05-06 07:19:03,EAGLE RARE 10Y,"3615 SW Cary Parkway , Cary, NC 27513",24
Wednesday,2026-05-06 07:19:03,BUFFALO TRACE BOURBON WHISKEY,"1793 West Williams St., Apex, NC 27502",36
Wednesday,2026-05-06 07:19:03,BUFFALO TRACE BOURBON WHISKEY,"7336 Creedmoor Rd., Raleigh, NC 27613",36
Wednesday,2026-05-06 07:19:03,BUFFALO TRACE BOURBON WHISKEY,"704 Money Ct., Knightdale, NC 27545",36
Wednesday,2026-05-06 07:19:03,BUFFALO TRACE BOURBON WHISKEY,"3615 SW Cary Parkway , Cary, NC 27513",36
Thursday,2026-05-07 06:59:24,OLD FORESTER SINGLE BARREL (BTB),"6809 Davis Circle, Raleigh, NC 27612",234
Tuesday,2026-05-12 11:09:31,OLD FORESTER SINGLE BARREL (BTB),"665 Cary Towne Blvd., Cary, NC 27511",12
Tuesday,2026-05-12 11:09:31,OLD FITZGERALD 7Y BIB,"1505 Banyon Pl., Wendell, NC 27571",6
Tuesday,2026-05-12 11:09:31,BLANTON'S BOURBON,"1505 Banyon Pl., Wendell, NC 27571",4
Tuesday,2026-05-12 11:09:31,EAGLE RARE 10Y,"1505 Banyon Pl., Wendell, NC 27571",20
Tuesday,2026-05-12 11:09:31,BUFFALO TRACE BOURBON WHISKEY,"1505 Banyon Pl., Wendell, NC 27571",34
Friday,2026-05-15 06:53:42,OLD FORESTER SINGLE BARREL (BTB),"200 New Rand Road, Garner, NC 27529",6
Friday,2026-05-15 06:53:42,OLD FITZGERALD 7Y BIB,"2645 Appliance Ct., Raleigh, NC 27604",4
Friday,2026-05-15 06:53:42,OLD FITZGERALD 7Y BIB,"3320 Olympia Dr., Raleigh, NC 27603",6
Friday,2026-05-15 06:53:42,OLD FITZGERALD 7Y BIB,"6494 Tryon Rd., Cary, NC 27511",6
Friday,2026-05-15 06:53:42,OLD FITZGERALD 7Y BIB,"1415 E. Williams St., Apex, NC 27617",6
Friday,2026-05-15 06:53:42,WELLER FULL PROOF,"665 Cary Towne Blvd., Cary, NC 27511",2
Friday,2026-05-15 06:53:42,WELLER FULL PROOF,"6494 Tryon Rd., Cary, NC 27511",6
Friday,2026-05-15 06:53:42,BLANTON'S BOURBON,"3320 Olympia Dr., Raleigh, NC 27603",5
Friday,2026-05-15 06:53:42,BLANTON'S BOURBON,"6494 Tryon Rd., Cary, NC 27511",6
Friday,2026-05-15 06:53:42,BLANTON'S BOURBON,"1415 E. Williams St., Apex, NC 27617",6
Friday,2026-05-15 06:53:42,STAGG BOURBON,"665 Cary Towne Blvd., Cary, NC 27511",2
Friday,2026-05-15 06:53:42,EAGLE RARE 10Y,"2645 Appliance Ct., Raleigh, NC 27604",9
Friday,2026-05-15 06:53:42,EAGLE RARE 10Y,"3320 Olympia Dr., Raleigh, NC 27603",23
Friday,2026-05-15 06:53:42,EAGLE RARE 10Y,"665 Cary Towne Blvd., Cary, NC 27511",10
Friday,2026-05-15 06:53:42,EAGLE RARE 10Y,"6301 Town Center Dr., Raleigh, NC 27614",5
Friday,2026-05-15 06:53:42,EAGLE RARE 10Y,"6494 Tryon Rd., Cary, NC 27511",24
Friday,2026-05-15 06:53:42,EAGLE RARE 10Y,"1415 E. Williams St., Apex, NC 27617",24
Friday,2026-05-15 06:53:42,BUFFALO TRACE BOURBON WHISKEY,"2645 Appliance Ct., Raleigh, NC 27604",25
Friday,2026-05-15 06:53:42,BUFFALO TRACE BOURBON WHISKEY,"3320 Olympia Dr., Raleigh, NC 27603",36
Friday,2026-05-15 06:53:42,BUFFALO TRACE BOURBON WHISKEY,"665 Cary Towne Blvd., Cary, NC 27511",19
Friday,2026-05-15 06:53:42,BUFFALO TRACE BOURBON WHISKEY,"6301 Town Center Dr., Raleigh, NC 27614",23
Friday,2026-05-15 06:53:42,BUFFALO TRACE BOURBON WHISKEY,"6494 Tryon Rd., Cary, NC 27511",36
Friday,2026-05-15 06:53:42,BUFFALO TRACE BOURBON WHISKEY,"704 Money Ct., Knightdale, NC 27545",7
Friday,2026-05-15 06:53:42,BUFFALO TRACE BOURBON WHISKEY,"1415 E. Williams St., Apex, NC 27617",36
Monday,2026-05-18 13:28:08,OLD FORESTER SINGLE BARREL (BTB),"4501 Vineyard Pine Ln., Rolesville, NC 27571",12
Monday,2026-05-18 07:37:51,OLD FITZGERALD 7Y BIB,"200 New Rand Road, Garner, NC 27529",6
Monday,2026-05-18 07:37:51,WELLER FULL PROOF,"200 New Rand Road, Garner, NC 27529",6
Monday,2026-05-18 07:37:51,E.H. TAYLOR JR. SMALL BATCH,"200 New Rand Road, Garner, NC 27529",6
Monday,2026-05-18 07:37:51,BLANTON'S BOURBON,"200 New Rand Road, Garner, NC 27529",6
Monday,2026-05-18 07:37:51,STAGG BOURBON,"200 New Rand Road, Garner, NC 27529",6
Monday,2026-05-18 07:37:51,EAGLE RARE 10Y,"200 New Rand Road, Garner, NC 27529",24
Monday,2026-05-18 07:37:51,BUFFALO TRACE BOURBON WHISKEY,"200 New Rand Road, Garner, NC 27529",36
Wednesday,2026-05-20 07:41:08,OLD FITZGERALD 7Y BIB,"100 Village Walk Dr., Holly Springs, NC 27540",6
Wednesday,2026-05-20 07:41:08,OLD FITZGERALD 7Y BIB,"2109-106 Avent Ferry Rd., Raleigh, NC 27606",6
Wednesday,2026-05-20 07:41:08,OLD FITZGERALD 7Y BIB,"3615 SW Cary Parkway , Cary, NC 27513",6
Wednesday,2026-05-20 07:41:08,WELLER FULL PROOF,"100 Village Walk Dr., Holly Springs, NC 27540",6
Wednesday,2026-05-20 07:41:08,E.H. TAYLOR JR. SMALL BATCH,"100 Village Walk Dr., Holly Springs, NC 27540",6
Wednesday,2026-05-20 07:41:08,BLANTON'S BOURBON,"100 Village Walk Dr., Holly Springs, NC 27540",4
Wednesday,2026-05-20 07:41:08,BLANTON'S BOURBON,"2109-106 Avent Ferry Rd., Raleigh, NC 27606",6
Wednesday,2026-05-20 07:41:08,BLANTON'S BOURBON,"3615 SW Cary Parkway , Cary, NC 27513",6
Wednesday,2026-05-20 07:41:08,STAGG BOURBON,"100 Village Walk Dr., Holly Springs, NC 27540",6
Wednesday,2026-05-20 07:41:08,EAGLE RARE 10Y,"100 Village Walk Dr., Holly Springs, NC 27540",24
Wednesday,2026-05-20 07:41:08,EAGLE RARE 10Y,"2109-106 Avent Ferry Rd., Raleigh, NC 27606",24
Wednesday,2026-05-20 07:41:08,EAGLE RARE 10Y,"3615 SW Cary Parkway , Cary, NC 27513",24
Wednesday,2026-05-20 07:41:08,BUFFALO TRACE BOURBON WHISKEY,"100 Village Walk Dr., Holly Springs, NC 27540",36
Wednesday,2026-05-20 07:41:08,BUFFALO TRACE BOURBON WHISKEY,"2109-106 Avent Ferry Rd., Raleigh, NC 27606",36
Wednesday,2026-05-20 07:41:08,BUFFALO TRACE BOURBON WHISKEY,"3615 SW Cary Parkway , Cary, NC 27513",36
Thursday,2026-05-21 07:30:19,PENELOPE COOPER SERIES HAVANA,"7911 ACC Blvd., Raleigh, NC 27617",2
Thursday,2026-05-21 07:30:19,OLD FITZGERALD 7Y BIB,"1940 Cinema Dr., Fuquay Varina, NC 27526",6
Thursday,2026-05-21 07:30:19,OLD FITZGERALD 7Y BIB,"209 S Salisbury St, Raleigh, NC 27601",6
Thursday,2026-05-21 07:30:19,OLD FITZGERALD 7Y BIB,"420 Woodburn Rd., Raleigh, NC 27605",12
Thursday,2026-05-21 07:30:19,WELLER FULL PROOF,"1940 Cinema Dr., Fuquay Varina, NC 27526",5
Thursday,2026-05-21 07:30:19,WELLER FULL PROOF,"420 Woodburn Rd., Raleigh, NC 27605",6
Thursday,2026-05-21 07:30:19,E.H. TAYLOR JR. SMALL BATCH,"1940 Cinema Dr., Fuquay Varina, NC 27526",5
Thursday,2026-05-21 07:30:19,E.H. TAYLOR JR. SMALL BATCH,"420 Woodburn Rd., Raleigh, NC 27605",6
Thursday,2026-05-21 07:30:19,BLANTON'S BOURBON,"1940 Cinema Dr., Fuquay Varina, NC 27526",3
Thursday,2026-05-21 07:30:19,BLANTON'S BOURBON,"209 S Salisbury St, Raleigh, NC 27601",6
Thursday,2026-05-21 07:30:19,BLANTON'S BOURBON,"420 Woodburn Rd., Raleigh, NC 27605",6
Thursday,2026-05-21 07:30:19,STAGG BOURBON,"1940 Cinema Dr., Fuquay Varina, NC 27526",5
Thursday,2026-05-21 07:30:19,STAGG BOURBON,"420 Woodburn Rd., Raleigh, NC 27605",6
Thursday,2026-05-21 07:30:19,EAGLE RARE 10Y,"1940 Cinema Dr., Fuquay Varina, NC 27526",20
Thursday,2026-05-21 07:30:19,EAGLE RARE 10Y,"209 S Salisbury St, Raleigh, NC 27601",24
Thursday,2026-05-21 07:30:19,EAGLE RARE 10Y,"420 Woodburn Rd., Raleigh, NC 27605",24
Thursday,2026-05-21 07:30:19,BUFFALO TRACE BOURBON WHISKEY,"1940 Cinema Dr., Fuquay Varina, NC 27526",36
Thursday,2026-05-21 07:30:19,BUFFALO TRACE BOURBON WHISKEY,"209 S Salisbury St, Raleigh, NC 27601",36
Thursday,2026-05-21 07:30:19,BUFFALO TRACE BOURBON WHISKEY,"420 Woodburn Rd., Raleigh, NC 27605",48
Thursday,2026-05-28 07:43:01,OLD FITZGERALD 7Y BIB,"7200 Sandy Fork Rd., Raleigh, NC 27609",3
Thursday,2026-05-28 07:43:01,OLD FORESTER SINGLE BARREL (BTB),"7200 Sandy Fork Rd., Raleigh, NC 27609",12
Saturday,2026-05-30 07:10:52,OLD FORESTER SINGLE BARREL (BTB),"2645 Appliance Ct., Raleigh, NC 27604",12
Monday,2026-06-01 07:56:31,OLD FORESTER SINGLE BARREL (BTB),"209 S Salisbury St, Raleigh, NC 27601",24
Monday,2026-06-01 07:56:31,OLD FORESTER SINGLE BARREL (BTB),"1601-61 Cross Link Rd., Raleigh, NC 27610",3
Monday,2026-06-01 07:56:31,OLD FORESTER SINGLE BARREL (BTB),"2109-106 Avent Ferry Rd., Raleigh, NC 27606",6
Tuesday,2026-06-02 08:12:29,OLD FORESTER SINGLE BARREL (BTB),"1505 Banyon Pl., Wendell, NC 27571",89
Friday,2026-06-05 07:05:16,OLD FITZGERALD 7Y BIB,"1793 West Williams St., Apex, NC 27502",2
Friday,2026-06-05 07:05:16,OLD FITZGERALD 7Y BIB,"11360 Capital Blvd., Wake Forest, NC 27587",4
Friday,2026-06-05 07:05:16,E.H. TAYLOR JR. SMALL BATCH,"11360 Capital Blvd., Wake Forest, NC 27587",2
Friday,2026-06-05 07:05:16,BLANTON'S BOURBON,"11360 Capital Blvd., Wake Forest, NC 27587",2
Friday,2026-06-05 07:05:16,EAGLE RARE 10Y,"1793 West Williams St., Apex, NC 27502",8
Friday,2026-06-05 07:05:16,EAGLE RARE 10Y,"11360 Capital Blvd., Wake Forest, NC 27587",7
Friday,2026-06-05 07:05:16,BUFFALO TRACE BOURBON WHISKEY,"1793 West Williams St., Apex, NC 27502",3
Tuesday,2026-06-09 07:46:48,OLD FORESTER SINGLE BARREL (BTB),"7200 Sandy Fork Rd., Raleigh, NC 27609",8
Tuesday,2026-06-09 07:46:48,OLD FORESTER SINGLE BARREL (BTB),"2645 Appliance Ct., Raleigh, NC 27604",12
Tuesday,2026-06-09 07:46:48,OLD FORESTER SINGLE BARREL (BTB),"209 S Salisbury St, Raleigh, NC 27601",24
Tuesday,2026-06-09 07:46:48,OLD FORESTER SINGLE BARREL (BTB),"2109-106 Avent Ferry Rd., Raleigh, NC 27606",6
Tuesday,2026-06-09 07:46:48,OLD FORESTER SINGLE BARREL (BTB),"1505 Banyon Pl., Wendell, NC 27571",80
Tuesday,2026-06-09 07:46:48,OLD FITZGERALD 7Y BIB,"1793 West Williams St., Apex, NC 27502",2
Tuesday,2026-06-09 07:46:48,OLD FITZGERALD 7Y BIB,"11360 Capital Blvd., Wake Forest, NC 27587",3
Tuesday,2026-06-09 07:46:48,OLD FITZGERALD 7Y BIB,"4009 Davis Dr., Morrisville, NC 27560",2
Tuesday,2026-06-09 07:46:48,WELLER FULL PROOF,"4009 Davis Dr., Morrisville, NC 27560",2
Tuesday,2026-06-09 07:46:48,E.H. TAYLOR JR. SMALL BATCH,"11360 Capital Blvd., Wake Forest, NC 27587",2
Tuesday,2026-06-09 07:46:48,EAGLE RARE 10Y,"1793 West Williams St., Apex, NC 27502",4
Tuesday,2026-06-09 07:46:48,EAGLE RARE 10Y,"11360 Capital Blvd., Wake Forest, NC 27587",6
Tuesday,2026-06-09 07:46:48,EAGLE RARE 10Y,"4009 Davis Dr., Morrisville, NC 27560",6
Tuesday,2026-06-09 07:46:48,BUFFALO TRACE BOURBON WHISKEY,"4009 Davis Dr., Morrisville, NC 27560",12
Friday,2026-06-12 13:57:06,EAGLE RARE 10Y,"3615 SW Cary Parkway , Cary, NC 27513",4
Friday,2026-06-12 13:57:06,BUFFALO TRACE BOURBON WHISKEY,"2645 Appliance Ct., Raleigh, NC 27604",16
Friday,2026-06-12 13:57:06,BUFFALO TRACE BOURBON WHISKEY,"704 Money Ct., Knightdale, NC 27545",25
Monday,2026-06-15 08:17:44,BUFFALO TRACE BOURBON WHISKEY,"1415 E. Williams St., Apex, NC 27617",2
Monday,2026-06-15 08:17:44,BUFFALO TRACE BOURBON WHISKEY,"209 S Salisbury St, Raleigh, NC 27601",14
Tuesday,2026-06-16 14:10:00,EAGLE RARE 10Y,"200 New Rand Road, Garner, NC 27529",2
Tuesday,2026-06-16 14:10:00,BUFFALO TRACE BOURBON WHISKEY,"200 New Rand Road, Garner, NC 27529",27
Wednesday,2026-06-17 07:49:34,EAGLE RARE 10Y,"1601-61 Cross Link Rd., Raleigh, NC 27610",5
Wednesday,2026-06-17 07:49:34,EAGLE RARE 10Y,"7911 ACC Blvd., Raleigh, NC 27617",3
Wednesday,2026-06-17 07:49:34,BUFFALO TRACE BOURBON WHISKEY,"1601-61 Cross Link Rd., Raleigh, NC 27610",32
Wednesday,2026-06-17 07:49:34,BUFFALO TRACE BOURBON WHISKEY,"7911 ACC Blvd., Raleigh, NC 27617",21
Thursday,2026-06-18 07:56:41,EAGLE RARE 10Y,"100 Village Walk Dr., Holly Springs, NC 27540",4
Thursday,2026-06-18 07:56:41,EAGLE RARE 10Y,"4009 Davis Dr., Morrisville, NC 27560",6
Thursday,2026-06-18 07:56:41,JACK DANIEL'S SINGLE BARREL HERITAGE,"3320 Olympia Dr., Raleigh, NC 27603",12
Thursday,2026-06-18 07:56:41,BUFFALO TRACE BOURBON WHISKEY,"100 Village Walk Dr., Holly Springs, NC 27540",12
Thursday,2026-06-18 07:56:41,BUFFALO TRACE BOURBON WHISKEY,"4009 Davis Dr., Morrisville, NC 27560",24
Thursday,2026-06-18 07:56:41,BUFFALO TRACE BOURBON WHISKEY,"2109-106 Avent Ferry Rd., Raleigh, NC 27606",24
Thursday,2026-06-18 07:56:41,BUFFALO TRACE BOURBON WHISKEY,"6809 Davis Circle, Raleigh, NC 27612",20
Saturday,2026-06-20 21:30:03,PENELOPE RIVIERA CASK FINISH,"4009 Davis Dr., Morrisville, NC 27560",6
Saturday,2026-06-20 21:30:03,PENELOPE RIVIERA CASK FINISH,"6809 Davis Circle, Raleigh, NC 27612",6
Saturday,2026-06-20 21:30:03,PENELOPE RIVIERA CASK FINISH,"3615 SW Cary Parkway , Cary, NC 27513",2
Saturday,2026-06-20 21:30:03,PENELOPE RIVIERA CASK FINISH,"7911 ACC Blvd., Raleigh, NC 27617",2
Saturday,2026-06-20 21:30:03,PENELOPE RIVIERA CASK FINISH,"100 Village Walk Dr, Holly Springs, NC 27540",3
Saturday,2026-06-20 21:30:03,PENELOPE RIVIERA CASK FINISH,"4215 The Circle at North Hills Rd, Raleigh, NC 27609",2
Tuesday,2026-06-23 12:04:38,HEAVEN HILL GRAIN TO GLASS BOURBON,"7200 Sandy Fork Rd., Raleigh, NC 27609",16
Tuesday,2026-06-23 12:04:38,HEAVEN HILL GRAIN TO GLASS BOURBON,"1940 Cinema Dr., Fuquay Varina, NC 27526",5
Tuesday,2026-06-23 12:04:38,HEAVEN HILL GRAIN TO GLASS BOURBON,"4215 The Circle at North Hills Rd, Raleigh, NC 27609",8
Thursday,2026-07-02 07:23:30,PENELOPE RIVIERA CASK FINISH,"3320 Olympia Dr., Raleigh, NC 27603",4
Thursday,2026-07-02 07:23:30,PENELOPE RIVIERA CASK FINISH,"1793 West Williams St., Apex, NC 27502",2
Thursday,2026-07-02 07:23:30,PENELOPE RIVIERA CASK FINISH,"665 Cary Towne Blvd., Cary, NC 27511",2
Thursday,2026-07-02 07:23:30,PENELOPE RIVIERA CASK FINISH,"7336 Creedmoor Rd., Raleigh, NC 27613",5
Thursday,2026-07-02 07:23:30,PENELOPE RIVIERA CASK FINISH,"4501 Vineyrd Pine Ln., Rolesville, NC 27571",4
Thursday,2026-07-02 07:23:30,PENELOPE RIO CASK FINISH,"1505 Banyon Pl., Wendell, NC 27571",2
Thursday,2026-07-02 07:23:30,OLD FORESTER SINGLE BARREL (BTB),"2645 Appliance Ct., Raleigh, NC 27604",6
Thursday,2026-07-02 07:23:30,OLD FORESTER SINGLE BARREL (BTB),"1505 Banyon Pl., Wendell, NC 27571",35
Thursday,2026-07-02 07:23:30,OLD FORESTER SINGLE BARREL (BTB),"209 S Salisbury St, Raleigh, NC 27601",20
Thursday,2026-07-02 07:23:30,OLD FORESTER SINGLE BARREL (BTB),"2109-106 Avent Ferry Rd., Raleigh, NC 27606",6
Thursday,2026-07-02 07:23:30,EAGLE RARE 10Y,"3320 Olympia Dr., Raleigh, NC 27603",3
Thursday,2026-07-02 07:23:30,EAGLE RARE 10Y,"1505 Banyon Pl., Wendell, NC 27571",2
Thursday,2026-07-02 07:23:30,BUFFALO TRACE BOURBON WHISKEY,"1222 New Bern Ave., Raleigh, NC 27401",8
Friday,2026-07-10 06:51:58,PENELOPE RIVIERA CASK FINISH,"209 S Salisbury St, Raleigh, NC 27601",11
Friday,2026-07-10 06:51:58,PENELOPE RIO CASK FINISH,"209 S Salisbury St, Raleigh, NC 27601",8
Friday,2026-07-17 06:54:57,BUFFALO TRACE BOURBON WHISKEY,"704 Money Ct., Knightdale, NC 27545",24
Friday,2026-07-17 20:18:46,ELMER T LEE SINGLE BARREL,"665 Cary Towne Blvd., Cary, NC 27511",2
Friday,2026-07-17 20:18:46,WILD TURKEY 101 8Y,"2645 Appliance Ct., Raleigh, NC 27604",12
Friday,2026-07-17 20:18:46,WILD TURKEY 101 8Y,"1940 Cinema Dr., Fuquay Varina, NC 27526",11
Friday,2026-07-17 20:18:46,WILD TURKEY 101 8Y,"6301 Town Center Dr., Raleigh, NC 27614",6
Monday,2026-07-20 20:18:46,WILD TURKEY 101 8Y,"200 New Rand Road, Garner, NC 27529",6
Friday,2026-07-17 20:18:46,WILD TURKEY 101 8Y,"704 Money Ct., Knightdale, NC 27545",9
Friday,2026-07-17 20:18:46,WILD TURKEY 101 8Y,"7911 ACC Blvd., Raleigh, NC 27617",2
Friday,2026-07-17 20:18:46,WILD TURKEY 101 8Y,"2109-106 Avent Ferry Rd., Raleigh, NC 27606",12
Friday,2026-07-17 20:18:46,WILD TURKEY 101 8Y,"3615 SW Cary Parkway , Cary, NC 27513",4
Friday,2026-07-17 20:18:46,PEERLESS HIGH RYE BOURBON,"7200 Sandy Fork Rd., Raleigh, NC 27609",7
Friday,2026-07-17 20:18:46,PEERLESS HIGH RYE BOURBON,"11360 Capital Blvd., Wake Forest, NC 27587",8
Friday,2026-07-17 20:18:46,PEERLESS HIGH RYE BOURBON,"209 S Salisbury St, Raleigh, NC 27601",9
Friday,2026-07-17 20:18:46,PEERLESS HIGH RYE BOURBON,"4215 The Circle at North Hills Rd, Raleigh, NC 27609",3
Friday,2026-07-17 20:18:46,PEERLESS HIGH RYE BOURBON,"2109-106 Avent Ferry Rd., Raleigh, NC 27606",11
Monday,2026-07-20 07:19:56,E.H. TAYLOR JR. SMALL BATCH,"200 New Rand Road, Garner, NC 27529",2
Monday,2026-07-20 07:19:56,BUFFALO TRACE BOURBON WHISKEY,"200 New Rand Road, Garner, NC 27529",21
Friday,2026-07-17 12:59:31,E.H. TAYLOR JR. SMALL BATCH,"3615 SW Cary Parkway , Cary, NC 27513",2
Monday,2026-07-20 20:18:46,E.H. TAYLOR JR. SMALL BATCH,"200 New Rand Road, Garner, NC 27529",2
Friday,2026-07-17 13:22:29,E.H. TAYLOR JR. SMALL BATCH,"3615 SW Cary Parkway , Cary, NC 27513",2
Monday,2026-07-20 20:18:46,BUFFALO TRACE BOURBON WHISKEY,"200 New Rand Road, Garner, NC 27529",21
Monday,2026-07-20 20:18:46,E.H. TAYLOR JR. SMALL BATCH,"200 New Rand Road, Garner, NC 27529",2
Friday,2026-07-17 14:12:54,E.H. TAYLOR JR. SMALL BATCH,"3615 SW Cary Parkway , Cary, NC 27513",2
Monday,2026-07-20 20:18:46,BUFFALO TRACE BOURBON WHISKEY,"200 New Rand Road, Garner, NC 27529",21
Wednesday,2026-07-22 07:15:48,HEAVEN HILL GRAIN TO GLASS BOURBON,"100 Village Walk Dr, Holly Springs, NC 27540",23
Wednesday,2026-07-22 07:15:48,BUFFALO TRACE BOURBON WHISKEY,"100 Village Walk Dr, Holly Springs, NC 27540",17
Wednesday,2026-07-22 07:15:48,BUFFALO TRACE BOURBON WHISKEY,"2109-106 Avent Ferry Rd., Raleigh, NC 27606",25
Wednesday,2026-07-22 07:15:48,WILD TURKEY 101 8Y,"100 Village Walk Dr, Holly Springs, NC 27540",10
